1,Scene of the First Stars Exhibition (1),Exhibition,First Stars Exhibition,,One,,"Beijing,Gate of National Art Museum",1979,17
2,Scene of the First Stars Exhibition (2),Exhibition,First Stars Exhibition,,Two,,"Beijing,Gate of National Art Museum",1979,17
3,"Scene of the First Stars Exhibition, 1979, audiences are watching Wang Keping's wood sculpture",Exhibition,First Stars Exhibition,,Wood sculpture,Wang Keping,"Beijing,Gate of National Art Museum",1979,18
4,"Scene of the First Stars Exhibition, 1979, Wang Keping's wood sculpture is visible in the background",Exhibition,First Stars Exhibition,,Wood sculpture,Wang Keping,"Beijing,Gate of National Art Museum",1979,18
5,"Scene of the First Stars Exhibition, 1979, Liu Xun is visiting the exhibition",Exhibition,First Stars Exhibition,,,Liuxun,"Beijing,Gate of National Art Museum",1979,18
6,"Protest of the Stars Group,1979,Beijing(Wang Keping is holding the logo)",Document,,,,Wang Keping,"Beijing,Gate of National Art Museum",1979,26
7,"Protest of the Stars Group,1979,Beijing(forth from left, Wang Keping is holding the logo)",Document,,,,Wang Keping,"Beijing,Gate of National Art Museum",1979,27
8,"Protest of the Stars Group,1979,Beijing(at front is Ma Desheng)",Document,,,,Ma DeSheng,"Beijing,Gate of National Art Museum",1979,27
9,"Protest of the Stars Group,1979,Beijing",Document,,,,,"Beijing,Gate of National Art Museum",1979,28
10,"Group Photo of the Stars outside the National Art Museum of China in Beijing,1980",Document,First Stars Exhibition,,,,"Beijing,Gate of National Art Museum",1979,31
11,"Stars Outdoor Exhibition, 1979, with Qu Leilei(first from left), Liu Xun, chairman of the Beijing Artists Association(second from left),Li Shuang(third from left),Wang Keping(fifth from left)",Exhibition,First Stars Exhibition,,,"Qu Leilei,Liu Xun,Li Shuang,Wang Keping","Beijing,Gate of National Art Museum",1979,32
12,"Group Photo of the Second Stars Exhibition Members in the National Art Museum of China in Beijing,1980, from left: Shi Jingsheng, Chen Yansheng, name unaviliable, Qu Leilei, Ma Desheng, Wang Keping, Beidao, Yang Yiping, Huang Rui, Bao Pao, Zhu Jinshi,1980 ",Document,,,,,"Beijing,Gate of National Art Museum",1979,32
13,"Li Shuang, First Individual Exhibition in J&J Donguy Gallery, Paris, France, her painting ""Free Soul"" is visible in the background",Document Exhibition,Li Shuang First Individual Exhibition,Free Soul,1983 made in Beijing,Li Shuang,"Paris,DONGUY Gallery",1984,33
14,"Wang Keping, Silence, wood sculpture,1979",Work Exhibition,First Stars Exhibition,Silence,Wood sculpture,Wang Keping,Beijing,1978,33
15,"Wang Keping, Long Long Life, wood sculpture,1979",Work Exhibition,First Stars Exhibition,Long Long Life,Wood sculpture,Wang Keping,Beijing,1978,33
16,"Qu Leilei, My Motherland 2, wood sculpture 1979",Work Exhibition,First Stars Exhibition,My Motherland 2,Wood sculpture,Qu Leilei,Beijing,1979,34
17,"Qu Leilei, My Motherland 3, wood sculpture 1979",Work Exhibition,First Stars Exhibition,My Motherland 3,Wood sculpture,Qu Leilei,Beijing,1979,34
18,"Qu Leilei, My Motherland 4, wood sculpture 1979",Work Exhibition,First Stars Exhibition,My Motherland 4,Wood sculpture,Qu Leilei,Beijing,1979,34
19,"Qu Leilei, My Motherland 5, wood sculpture 1979",Work Exhibition,First Stars Exhibition,My Motherland 5,Wood sculpture,Qu Leilei,Beijing,1979,35
20,"Qu Leilei, My Motherland 6, wood sculpture 1979",Work Exhibition,First Stars Exhibition,My Motherland 6,Wood sculpture,Qu Leilei,Beijing,1979,35
21,"Qu Leilei, My Motherland 7, wood sculpture 1979",Work Exhibition,First Stars Exhibition,My Motherland 7,Wood sculpture,Qu Leilei,Beijing,1979,35
22,"Qu Leilei, Enigma of Motherland, collage, 1980",Work,First Stars Exhibition,Enigma of Motherland,Collage,Qu Leilei,Beijing,1980,36
23,"Ma Desheng, Three Screen of Nude Women, ink, 1980",Work,First Stars Exhibition,Three Screens of Nude Women ,Ink,Ma DeSheng,Beijing,1980,36
24,"Yan Li, Hard to Express, oil on canvas, 1979",Work,First Stars Exhibition,Hard to Express,Oil ,Yan Li,Beijing,1979,37
25,"Bo Yun, Sea Breeze, ink, 1987",Work,First Stars Exhibition,Sea Breeze,Ink,Bo Yun,Beijing,1987,37
26,"Beijing Oil Painting Research Groups,post  (1)",Document,,,,"Yang Yanping, Zhang Wei, Zhang Wenxin? Zhang Guangfu, Zhang Hongnian, Zhang Jiaxi, Zhong Ming, Zhao Yixiong, Qin Yuanyue, Chang Youming, Yuan Yunsheng, Yuan Yunfu, Cao Dali, Huang Li, Yan Zhenduo, Fu Yuan, Zhan Jianjun, Ma Yunhong, Wang Lu, Wang Leifu, Ye Wulin, Fen Guodong,Si Shangyi, Liu Bingjiang, Zhuang Yan, Zhu Naizheng, Quan Zhenghuan? Xing Guozhen? Pang Tao, Ji Cheng, Li Huaji, Li Yuchang, Li Xiushi, Chen Wei, Wu Guanzhong, Lin Gang",Beijing,1979,40
27,"Beijing Oil Painting Research Groups,post  (2)",Document,,,,"Yang Yanping, Zhang Wei, Zhang Wenxin? Zhang Guangfu, Zhang Hongnian, Zhang Jiaxi, Zhong Ming, Zhao Yixiong, Qin Yuanyue, Chang Youming, Yuan Yunsheng, Yuan Yunfu, Cao Dali, Huang Li, Yan Zhenduo, Fu Yuan, Zhan Jianjun, Ma Yunhong, Wang Lu, Wang Leifu, Ye Wulin, Fen Guodong,Si Shangyi, Liu Bingjiang, Zhuang Yan, Zhu Naizheng, Quan Zhenghuan? Xing Guozhen? Pang Tao, Ji Cheng, Li Huaji, Li Yuchang, Li Xiushi, Chen Wei, Wu Guanzhong, Lin Gang",Beijing,1979,42
28,"Group Photo of National Oil Painting Research Conference,1986, Li Shan, Dai Hengyang? Gao Minglu, Li Xiushi, Zhan Jianjun, Zhang Zuying, Li Di, Zhang Peili, Shu Qun, Cai Rong",Document,,,,"Li Shan, Dai Hengyang? Gao Minglu, Li Xiushi, Zhan Jianjun, Zhang Zuying, Li Di, Zhang Peili, Shu Qun, Cai Rong",Beijing,1986.4,47
29,"Group Photo of  National Oil Painting Research Conference,1986.4, front from left: Gao Minglu, Zhang Peili, Tang Qingnian, Zhu Qingsheng? Li Shan, Back: Shu Qun ",Document,,,,"Gao Minglu, Zhang Peili, Tang Qingnian, Zhu Qingsheng? Li Shan, Shu Qun ",,1986.4,47
30,"Group Photo of  National Oil Painting Research Conference,1986.4, Shu Qun, Li Di, Zhang Peili, Gao Minglu, Dai Hengyang? Li Shan",Document,,,,"Shu Qun, Li Di, Zhang Peili, Gao Minglu, Dai Hengyang? Li Shan",,1986.4,47
34,"Shi Guo,Actor,ink,1986",Work,Zhu Hai Painting Institute First Exhibition,Actors,ink,Shi Guo,,1986,54
35,"Shi Guo,Taotie,ink,1986",Work,Zhu Hai Painting Institute First Exhibition,Taotie,ink,Shi Guo,,1986,65
36,"Shi Guo,To Penetrate Each Other,ink,1986",Work,Zhu Hai Painting Institute First Exhibition,Penetrate Each other,ink,Shi Guo,,1986,66
37,"Shi Panshi,Abyss,oil on canvas,1986",Work,Zhu Hai Painting Institute First Exhibition,Abyss,oil on canvas,Shi Panshi,,1986,66
38,"Li Ziren,",Work,Zhu Hai Painting Institute First Exhibition,Girl Space No.3,oil on canvas,Li Ziren,,1986,67
39,"Li Ziren,",Work,Zhu Hai Painting Institute First Exhibition,Girl Space No.4,oil on canvas,Li Ziren,,1986,67
40,"Li Ziren,",Work,Zhu Hai Painting Institute First Exhibition,Girl Space No.5,ink,Li Ziren,,1986,68
41,"Wu Liming,",Work,Zhu Hai Painting Institute First Exhibition,,ink,Wu Liming,,1986,68
42,"Tang Li,",Work,Zhu Hai Painting Institute First Exhibition,,ink,Tang Li,,1986,69
43,"Tang Li,",Work,Zhu Hai Painting Institute First Exhibition,,oil on canvas,Tang Li,,1986,69
44,"""Seven Seven Seven "" Logo, Ren Jian Design,1984",Work,77,777 logo,,Ren Jian,,1984,87
45,"""Seven Seven Seven "" Logo, Shu Qun Design,1984",Work,,777 logo,,,,1984,87
46,"Group Photo of the ""Seven Seven Seven"", from left:Shu Qun, Ren Jian, Zhang Shuguang, Lv Yin,Zhang Qiandi, Ba Wei,1984 ",Document,,777,,,,1984,87
47,"Cover of Magazine ""God"" from Northern Art Group,1985 ",Document,,,,,,1985,88
48,"Invitation of Northern Artists Group Biennial,1987",Document,,,,,,1987,88
49,"Scene of Northern Artists Group Biennial,1987",Exhibition,,,,,,1987,89
50,"Guest Book of Northern Artists Group Biennial,1987",Document,,,,,,1987,89
51,"Group Photo of Northern Artists Group Biennial,",Document,,,,,,1987,90
54,"Wang Guangyi, Frozen North Pole  No.15, oil on canvas, 1985",Work,,Frozen North Pole  No.15,oil on canvas,Wang Guangyi,,1985,120
55,"Wang Guangyi, Frozen North Pole  No.20, oil on canvas, 1985",Work,,Frozen North Pole  No.20,oil on canvas,Wang Guangyi,,1985,120
56,"Wang Guangyi, Frozen North Pole  No.23, oil on canvas, 1985",Work,,Frozen North Pole  No.23,oil on canvas,Wang Guangyi,,1985,121
57,"Wang Guangyi, Frozen North Pole  No.25, oil on canvas, 1985",Work,,Frozen North Pole  No.25,oil on canvas,Wang Guangyi,,1985,121
58,"Wang Guangyi, Frozen North Pole: Philosophical Breakfast, 1985",Work,,Frozen North Pole: Philosophical Breakfast ,oil on canvas,Wang Guangyi,,1985,122
59,"Wang Guangyi, Post Classical: Era of Faith Medieval, 1986",Work,,Post Classical: Era of Faith Medieval,oil on canvas,Wang Guangyi,,1986,122
60,"Wang Guangyi, Post Classical:The Return of Tragic Love, 1986",Work,,Post Classical:The Return of Tragic Love,oil on canvas,Wang Guangyi,,1986,123
61,"Wang Guangyi, Post Classical: Cross Came Down, oil on canvas, 1986",Work,,Post Classical: Cross Came Down,oil on canvas,Wang Guangyi,,1986,123
62,"Wang Guangyi, Black Rationality: Purgatory Analysis, oil on canvas, 1986",Work,,Black Rationality: Purgatory Analysis ,oil on canvas,Wang Guangyi,,1986,124
63,"Wang Guangyi, Post Classical: Holy Communion, oil on canvas,1986",Work,,Post Classical: Holy Communion,oil on canvas,Wang Guangyi,,1985,124
64,"Shu Qun, Work No.3, oil on canvas, 1986",Work,,Work No.3,oil on canvas,Shu Qun,,1986,125
65,"Shu Qun, Absolute Principle No.4,oil on canvas, 1986",Work,,Absolute Principle No.4,oil on canvas,Shu Qun,,1985,125
66,"Shu Qun, Absolute Principle,oil on canvas, 1986",Work,,Absolute Principle ,oil on canvas,Shu Qun,,1985,125
67,"Shu Qun, Endless Road No.6, oil on canvas, 1986",Work,,Endless Road No.6,oil on canvas,Shu Qun,,1986,125
68,"Ren Jian, Legend of Sirius No.1,ink, 1984",Work,,Legend of Sirius No.1,ink,Ren Jian,,1984,125
69,"Ren Jian, Legend of Sirius No.2,ink, 1984",Work,,Legend of Sirius No.2,ink,Ren Jian,,1984,126
70,"Ren Jian, Legend of Sirius No.3,ink, 1984",Work,,Legend of Sirius No.3,ink,Ren Jian,,1984,126
71,"Ren Jian, Legend of Sirius No.4,ink, 1984",Work,,Legend of Sirius No.4,ink,Ren Jian,,1984,126
72,"Ren Jian, Legend of Sirius No.5,ink, 1984",Work,,Legend of Sirius No.5,ink,Ren Jian,,1984,127
73,"Ren Jian, Legend of Sirius No.6,ink, 1984",Work,,Legend of Sirius No.6,ink,Ren Jian,,1984,127
74,"Ren Jian, Legend of Sirius No.7,ink, 1984",Work,,Legend of Sirius No.7,ink,Ren Jian,,1984,127
75,"Ren Jian, Legend of Sirius No.8,ink, 1984",Work,,Legend of Sirius No.8,ink,Ren Jian,,1984,128
76,"Ren Jian,Haven, Earth, and Hell No.1,oil on canvas, 1984",Work,,"Haven, Earth, and Hell No.1",oil on canvas,Ren Jian,,1984,128
77,"Ren Jian,Haven, Earth, and Hell No.2,oil on canvas, 1984",Work,,"Haven, Earth, and Hell No.2",oil on canvas,Ren Jian,,1984,128
78,"Ren Jian,Haven, Earth, and Hell No.3,oil on canvas, 1984",Work,,"Haven, Earth, and Hell No.3",oil on canvas,Ren Jian,,1984,129
79,"Ren Jian,Haven, Earth, and Hell No.4,oil on canvas, 1984",Work,,"Haven, Earth, and Hell No.4",oil on canvas,Ren Jian,,1984,129
80,"Ren Jian,Haven, Earth, and Hell No.5,oil on canvas, 1984",Work,,"Haven, Earth, and Hell No.5",oil on canvas,Ren Jian,,1984,129
81,"Lin Wei,Structure of Rouault No.1,oil on canvas, 1985",Work,,Structure of Rouault No.1,oil on canvas,Lin Wei,,1985,130
82,"Lin Wei,Structure of Rouault No.2,oil on canvas, 1985",Work,,Structure of Rouault No.2,oil on canvas,Lin Wei,,1985,130
83,"Lin Wei,Structure of Rouault No.3,oil on canvas, 1985",Work,,Structure of Rouault No.3,oil on canvas,Lin Wei,,1985,130
84,"Lin Wei,Structure of Rouault No.4,oil on canvas, 1985",Work,,Structure of Rouault No.4,oil on canvas,Lin Wei,,1985,131
85,"Lin Wei,Structure of Rouault No.5,oil on canvas, 1985",Work,,Structure of Rouault No.5,oil on canvas,Lin Wei,,1985,131
86,"Lin Wei,Structure of Rouault No.6,oil on canvas, 1985",Work,,Structure of Rouault No.6,oil on canvas,Lin Wei,,1985,131
87,"Lin Wei,Structure of Rouault No.7,oil on canvas, 1985",Work,,Structure of Rouault No.7,oil on canvas,Lin Wei,,1985,131
88,"Lin Wei,Structure of Rouault No.8,oil on canvas, 1985",Work,,Structure of Rouault No.8,oil on canvas,Lin Wei,,1985,132
89,"Lin Wei,Structure of Rouault No.9,oil on canvas, 1985",Work,,Structure of Rouault No.9,oil on canvas,Lin Wei,,1985,132
90,"Lin Wei,Structure of Rouault No.10,oil on canvas, 1985",Work,,Structure of Rouault No.10,oil on canvas,Lin Wei,,1985,133
91,"Wang Yalin,Landscape,oil on canvas, 1985",Work,,Landscape,,Wang Yalin,,1985,133
92,"Wang Haiyan,Self-portrait from 2 Angles,oil on canvas, 1986",Work,,Self-portrait from 2 Angles,,Wang Haiyan,,1986,133
93,"International Youth Year, Jiangsu Youth Art Week,",Document,,,,,,1985,135
94,"Jiangsu Youth Art Week,Large Modern Art Exhibition,exhibition contract,1985",Document,,,,,,1985,136
95,"Jiangsu Youth Art Week,Large Modern Art Exhibition,scence 1, 1985",Exhibition,,,,,,1985,137
96,"Jiangsu Youth Art Week,Large Modern Art Exhibition,scence 2, 1985",Exhibition,,,,,,1985,137
97,"Jiangsu Youth Art Week,Large Modern Art Exhibition, exhibition credential, 1985",Document Exhibition,,,,,,1985,138
98,"Jiangsu Youth Art Week,Large Modern Art Exhibition, exhibition invitation, 1985",Exhibition,Large Modern Art Exhibition,,,,,1985,138
99,"Jiangsu Youth Art Week,Large Modern Art Exhibition,visitors' book 1, 1985",Document Exhibitiion,,,,,,1985,139
100,"Jiangsu Youth Art Week,Large Modern Art Exhibition,visitors' book 2, 1985",Document Exhibitiion,,,,,,1985,139
101,"Jiangsu Youth Art Week,Large Modern Art Exhibition,visitors'message 1, 1985",Document Exhibitiion,,,,,,1985,139
102,"Jiangsu Youth Art Week,Large Modern Art Exhibition,visitors' message 2, 1985",Document Exhibitiion,,,,,,1985,139
103,"Jiangsu Youth Art Week,Large Modern Art Exhibition,visitors' message 3, 1985",Document Exhibitiion,,,,,,1985,140
104,"Jiangsu Youth Art Week,Large Modern Art Exhibition,visitors' message 4, 1985",Document Exhibitiion,,,,,,1985,140
105,"Wu Xiaoyun, Repeatation, Cutted Apple, oil on canvas, 1985",Work,,"Repeatation, Cutted Apple",,Wu Xiaoyun,,1985,141
106,"Wu Xiaoyun, Seeing Sky through Yellow Hands, oil on canvas, 1985",Work,,Seeing Sky through Yellow Hands,,Wu Xiaoyun,,1985,141
107,"Ren Rong, The hand together with the shadow Is Seeking Suviving, oil on canvas, 1985",Work,,The hand together with the shadow Is Seeking Suviving,,Ren Rong,,1985,142
108,"Xu Weide, Corrosive Laugh, oil on canvas, 1985",Work,,Corrosive Laugh,,Xu Weide,,1985,142
109,"Zhou Guangfu,The River Dried--There Is Water On the Other Side Of the Mountain, oil on canvas, 1985",Work,,The River Dried--There Is Water On the Other Side Of the Mountain,,Zhou Guangfu ,,1985,143
110,"Xu Yihui, Southern Moleyate, oil on canvas, 1985",Work,,Southern Moleyate,,Xu Yihui,,1985,143
111,"Jiang Songzhu, Final Persue=Vain, oil on canvas, 1985",Work,,Final Persue=Vain,,Jiang Zhusong,,1985,144
112,"""White Sail Art Photography Exhibition"" Album, cover,1985",Document Exhibition,,,,,,1985,144
113,"""White Sail Art Photography Exhibition"" Album, content 1,1985",Document Exhibition,,,,,,1985,144
114,"""White Sail Art Photography Exhibition"" Album, content 2,1985",Document Exhibition,,,,,,1985,145
115,"""White Sail Art Photography Exhibition"" Album,invitation,1985",Document Exhibition,,,,,,1985,145
116,"Magazine ""White Sail"", 1985",Document,,,,,,1985,146
117,"Shen Qin, Mountain 2, ink, 1986",Work,,Mountain 2,ink,Shen Qin,,1986,146
118,"Guan Ce, No title, propylene, 1986",Work,,No title,propylene,Guan Ce,,1986,147
119,"Ding Fang, The Call of Metallic, oil on canvas, 1986",Work,,The Call of Metallic,oil on canvas,Ding Fang,,1986,147
120,"Chai Xiaogang,Exchange Scene 2, oil on canvas, 1986",Work,,Exchange Scene 2,oil on canvas,Chai Xiaogang,,1986,147
121,"Cao Xiaodong,Eclipse,oil on canvas, 1986",Work,,Eclipse,oil on canvas,Cao Xiaodong,,1987,148
122,"Yang Zhiling,Red Fruit, composite materials, 1986",Work,,Red Fruit,composite materials,Yang Zhiling,,1986,148
123,"Xu Lei,Reduction of Reality:Fission, ink,1986",Work,,Reduction of Reality:Fission,ink,Xu Lei,,1987,149
124,"Xu Yihui,Dinner(2),oil on canvas,1986",Work,,Dinner(2),oil on canvas,Xu Yihui,,1986,149
125,"Xu Lei,Watcher, propylene on xuan paper,1985",Work,,Watcher,propylene on xuan paper,Xu Lei,,1985,160
126,"Xu Lei,People of Misjudgement,propylene on xuan paper,1985",Work,,People of Misjudgement,propylene on xuan paper,Xu Lei,,1985,160
127,"Red,Journey, ""First Posthouse Painting Exhibition"" Academic Conference Scence, From left to right:Yang Zhiling, Chen Dali,Shen Xingong, Ding Fang, Guan Ce, Liu Ming, Cao Xiaodong, Yu Qiping? Chai Xiaogang, Su Xianting? Fang Jun, Liu Wei,1987.5.20",Document,,,,"Yang Zhiling, Chen Dali,Shen Xingong, Ding Fang, Guan Ce, Liu Ming, Cao Xiaodong, Yu Qiping? Chai Xiaogang, Su Xianting? Fang Jun, Liu Wei",,1987.5.20,161
128,"Xu Lei,Portrait 1, ink, 1986",Work,,Portrait 1,,Xu Lei,,1986,162
129,"Xu Lei,Portrait 2, ink, 1986",Work,,Portrait 2,,Xu Lei,,1986,162
130,"Xu Lei,Portrait 3, ink, 1986",Work,,Portrait 3,,Xu Lei,,1987,163
131,"Ding Fang, City Series 2, oil on canvas, 1984",Work,,City Series 2,,Ding Fang,,1984,165
132,"Ding Fang, City Series 3, oil on canvas, 1984",Work,,City Series 3,,Ding Fang,,1984,166
133,"Ding Fang, City Series 4, oil on canvas, 1984",Work,,City Series 4,,Ding Fang,,1984,166
134,"Ding Fang, The Sword's Will 1, oil on canvas, 1986",Work,,The Sword's Will 1,,Ding Fang,,1986,167
135,"Ding Fang, The Sword's Will 2, oil on canvas, 1986",Work,,The Sword's Will 2,,Ding Fang,,1986,167
136,"Ding Fang, The Sword's Will 3, oil on canvas, 1986",Work,,The Sword's Will 3,,Ding Fang,,1986,168
137,"Ding Fang, Self-sublimation, oil on canvas, 1986",Work,,Self-sublimation,,Ding Fang,,1986,168
138,"Ding Fang, Will and Sacrifice, oil on canvas, 1986",Work,,Will and Sacrifice,,Ding Fang,,1986,169
139,"Ding Fang, Call and Birth , oil on canvas, 1986",Work,,Call and Birth,,Ding Fang,,1986,169
140,"Ding Fang, The Power of Tragedy, oil on canvas, 1986",Work,,The Power of Tragedy,,Ding Fang,,1986,169
141,"Ding Fang, The Soul on Plateau, oil on canvas, 1986",Work,,The Soul on Plateau,,Ding Fang,,1986,170
142,"Ding Fang, Facing Top of Taihang Eighteen Hairpin Bends, sketch, 1983 ",Work,,Facing Top of Taihang Eighteen Hairpin Bends,,Ding Fang,,1983,170
143,"Ding Fang? Portrait of people, sketch, 1984",Work,,Portrait of people,,Ding Fang,,1984,171
144,"Ding Fang?Landscape 1, sketch, 1984",Work,,Landscape 1,,Ding Fang,,1984,171
145,"Ding Fang, Landscape 2, sketch, 1984",Work,,Landscape 2,,Ding Fang,,1984,172
146,"Ding Fang, Landscape , sketch, 1984",Work,,Landscape,,Ding Fang,,1984,172
147,"Yang Zhilin, Monster at Night 1, composite materials, 1986",Work,,Monster at Night 1,,Yang Zhilin,,1986,173
148,"Yang Zhilin, Monster at Night 2, composite materials, 1986",Work,,Monster at Night 2,,Yang Zhilin,,1986,174
149,"Yang Zhilin, The Other Side, composite materials, 1986",Work,,The Other Side,,Yang Zhilin,,1986,174
150,"Yang Zhilin, Constellation, composite materials, 1986",Work,,Constellation,,Yang Zhilin,,1986,175
151,"Shen Qin, Words of Silk 1, propylene, 1985",Work,,Words of Silk 1,,Shen Qin,,1985,175
152,"Shen Qin, Words of Silk 2, propylene, 1985",Work,,Words of Silk 2,,Shen Qin,,1985,176
153,"Shen Qin, Mountain 4, ink, 1986",Work,,Mountain 4,,Shen Qin,,1986,176
154,"Shen Qin, Mountain 5, ink, 1986",Work,,Mountain 5,,Shen Qin,,1986,177
155,"Chai Xiaogang, Floating Stone 1, oil on canvas, 1986",Work,,Floating Stone 1,,Chai Xiaogang,,1986,177
156,"Chai Xiaogang, Floating Stone 2, oil on canvas, 1986",Work,,Floating Stone 2,,Chai Xiaogang,,1986,178
157,"Chai Xiaogang, City of the Dead, oil on canvas, 1986",Work,,City of the Dead,,Chai Xiaogang,,1986,178
158,"Chai Xiaogang, Moment of Hallucination, oil on canvas, 1986",Work,,Moment of Hallucination,,Chai Xiaogang,,1986,179
159,Chai Xiaogang,Work,,Fish in Air,,Chai Xiaogang,,1986,179
160,Chai Xiaogang,Work,,Not a Strange Promise,,Chai Xiaogang,,1986,180
161,Chai Xiaogang,Work,,Scream--Yearning and Today's Calling,,Chai Xiaogang,,1986,180
162,Guan Ce,Work,,No Title,,Guan Ce,,1985,181
163,Guan Ce,Work,,Shadow on Paper,,Guan Ce,,1986,181
164,Guan Ce,Work,,Indoor Landscape,,Guan Ce,,1986,182
165,Cao Xiaodong,Work,,Thus the Thing was finished 3,,Cao Xiaodong,,1986,182
166,Cao Xiaodong,Work,,Thus the Thing was finished 4,,Cao Xiaodong,,1986,183
167,Cao Xiaodong,Work,,Thus the Thing was finished 5,,Cao Xiaodong,,1986,183
168,Cao Xiaodong,Work,,Thus the Thing was finished 6,,Cao Xiaodong,,1986,184
169,Xu Yihui,Work,,Way,,Xu Yihui,,1986,184
170,Xu Yihui,Work,,Sea,,Xu Yihui,,1986,185
171,Xu Yihui,Work,,Dinner 1,,Xu Yihui,,1986,185
172,Li Xiaobai,Work,,Black Oblivion,,Li Xiaobai,,1986,186
173,Wu Guangrong,Work,,Soul Under the Moonlight,,Wu Guangrong,,1986,186
174,Hong Lei,Work,,Autumn,,Hong Lei,,1986,187
175,Wu Weishan,Work,,Dog and Sky,,Wu Weishan,,1986,187
176,Wu Xiaojun,Work,,Wind on Plain,,Wu Xiaojun,,1986,188
177,Song Ansu,Work,,Work 1,,Song Ansu,,1986,188
178,Xin Shenhua,Work,,Dialoge,,Xin Shenhua,,1986,189
179,Song Ansu,Work,,Work 2,,Song Ansu,,1986,189
180,Yu Shaoping,Work,,Work 1,,Yu Shaoping,,1986,190
181,Yu Shaoping,Work,,Work 2,,Yu Shaoping,,1986,190
182,Yu Shaoping,Work,,Work 3,,Yu Shaoping,,1986,191
183,Yu Bang,Work,,Work 1,,Yu Bang,,1985,191
184,Yu Bang,Work,,Work 2,,Yu Bang,,1985,192
185,Liu Guofu,Work,,Return,,Liu Guofu,,1986,192
186,Lv Tao,Work,,Changing Eternity,,Lv Tao,,1986,193
187,Zhang Peili,,,Swimmers in Summer,,Zhang Peili,,1985,194
188,Zhang Peili,,,Pause,,Zhang Peili,,1985,194
189,Zhang Peili,,,Swimmers ,,Zhang Peili,,1985,195
190,Zhang Peili,,,Abstract 223,,Zhang Peili,,1985,195
191,Zhang Peili,,,Abstract 230,,Zhang Peili,,1985,196
192,Zhang Peili,,,Abstract 334,,Geng Jianli,,1985,196
193,Geng Jianli,,,Haircut 4--Fashinable Style in Summer in 1985,,Song Lin,,1985,197
194,Song Lin,,,White Pipe,,Song Lin,,1985,197
195,Song Lin,,,People Pipe 2,,Song Lin,,1985,198
196,Song Lin,,,Silent Dialogue,,Song Lin,,1985,198
197,Song Lin,,,No Title,,Bao Jianfei,,1985,199
198,Bao Jianfei,,,New Space No.1,,Bao Jianfei,,1985,199
199,Bao Jianfei,,,New Space No.2,,Bao Jianfei,,1985,200
200,Bao Jianfei,,,New Space No.3,,Wang Qiang,,1985,200
201,Wang Qiang,,,Amateur Painter,,Wang Qiang,,1985,201
202,Wang Qiang,,,Walking Man,,Cha Li,,1985,201
203,Cha Li,,,Painting No.1,,Cha Li,,1985,202
204,Cha Li,,,Painting No.2,,Xu Jin,,1985,202
205,Xu Jin,,,Dialogue,,Xu Jin,,1985,203
206,Xu Jin,,,Introspection,,Cao Xuelei,,1985,203
207,Cao Xuelei,,,Decline to Perspective,,Wang Guojun,,1985,204
208,Wang Guojun,,,No Title No.7,,Wang Guojun,,1985,204
209,Wang Guojun,,,No Title No.12,,Zhang Peili,,1985,205
210,"Zhang Peili,About ""x?"",1985",,,"About ""x?""",,Zhang Peili,,1985,205
211,"Zhang Peili,About ""x?"",1985",,,"About ""x?""",,Zhang Peili,,1985,206
212,Zhang Peili,,,Brown Book No.1,Performance,Zhang Peili,,1988,206
213,Zhang Peili,,,Brown Book No.1,Performance,Zhang Peili,,1988,207
214,Zhang Peili,,,Brown Book No.1,Performance,,,1988,207
215,,,,,,Feng Lianghong ,,????,208
216,Yu Youhan,,,,,Xiao Gu,,?Ê??,208
217,Feng Lianghong ,,,,,Gong Jianqing,,1985,209
218,Xiao Gu,,,,,Gong Jianqing,,1985,209
219,Gong Jianqing,,,Copy of Iron Scrap ,,Gong Jianqing,,1985,210
220,Gong Jianqing,,,Halley,,Gong Jianqing,,1985,210
221,Gong Jianqing,,,Another Judgement,,Wang Xiaojun,,1985,211
222,Gong Jianqing,,,Reverie,,Wang Xiaojun,,1985,211
223,Wang Xiaojun,,,Breeze,,Wang Xiaojun,,1985,212
224,Wang Xiaojun,,,tear the sky,,Wang Xiaojun,,1985,212
225,Wang Xiaojun,,,,,Yang Hui,,1984,213
226,Wang Xiaojun,,,,,Yang Hui,,1985,213
227,Yang Hui,,,,,Yang Hui,,1985,214
228,Yang Hui,,,,,Zhou Shilong,,1985,214
229,Yang Hui,,,,,Zhou Shilong,,1985,215
230,Zhou Shilong,,,,,Zhou Shilong,,1983,215
231,Zhou Shilong,Document,,,,,,1985,216
232,Zhou Shilong,Document,,,,,,1983,216
233,,Document,,,,,,,217
234,,Document,,,,,,,217
235,,Document,,,,,,,218
236,,Document,,,,,,,218
237,,Document,,,,,,,219
238,,Document,,,,,,,219
239,,Document,,,,,,,220
240,,Document,,,,,,,220
241,,Document,,,,,,,221
242,,Document,,,,,,,221
243,Jian Jun,Document,,,,,,1986,222
244,"Concave Ð Convex Exhibition Post, 1986",Work,,,,,,1986,222
245,"Concave Ð Convex Exhibition Post, 1986",Work,,,,,,1986,223
246,Yu Sen,Work,,Mask No.2,Sculpture,Yu Sen,,1985,223
247,Zhang Jieming,Work,,With Portrait...,,Zhang Jieming,,1985,224
248,Zhang Jieming,Work,,With Portrait...,,Zhang Jieming,,1985,224
249,Zhang Jieming,Work,,No.2  ,,Zhang Jieming,,1985,225
250,Wang Lianling,Work,,Forest Series,,Wang Lianling,,1986,225
251,Li Shan,Work,,Primitive,,Li Shan,,1982,226
252,Li Shan,Work,,No Title,,Li Shan,,1983,226
253,Li Shan,Work,,Encounter,,Li Shan,,1983,227
254,Yu Youlian,Work,,Circle Series,,Yu Youhan,,1986,227
255,Zhao Yifu,Work,,Recall the West,,Zhao Yifu,,1986,228
256,Hong Jijie,Work,,Impression of Fastfood Restaurant,,Hong Jijie,,1985,228
257,Chen Zhen,Work,,Portrait,,Chen Zhen,,1981,229
258,Chen Zhen,Work,,No Title,,Chen Zhen,,1983,229
259,Chen Zhen,Work,,Qi,,Chen Zhen,,1984,230
260,Chen Zhen,Work,,Qi,,Chen Zhen,,1984,230
261,Fang Zhuang,Work,,Cat's World,,Fang Zhuang,,1983,231
262,Ye Mu,Work,,Revelation-Horse and Sun Series,,Ye Mu,,1985,231
263,Ye Mu,Work,,Revelation,,Ye Mu,,1985,232
264,Shen Fan,Work,,Chair and People,,Shen Fan,,1985,232
265,Zhou Changjiang,Work,,Breeding,,Zhou Changjiang,,1985,233
266,Mo Tuo,Work,,"Yin and Yang, Day and Night Being Equally separated",,Mo Tuo,,1985,233
267,Wang Hui,Work,,Owl,,Wang Hui,,1985,234
268,Zhou Peide,Work,,,,Zhou Peide,,1985,234
269,Song Haidong,Work,,No Title,,Song Haidong,,1984,235
270,Xiao Xiaolan,Work,,Creating Object,,Xiao Xiaolan,,1985,235
271,Lei Min,Work,,Between 0 to 1,,Lei Min,,1985,236
272,Xu Hong,Work,,No Title,,Xu Hong,,1985,236
273,Sun Liang,Work,,No Title,,Sun Liang,,1986,237
274,Sun Liang ,,,Flouting Wing,,Sun Liang,,1986,237
275,Yu Jiangang,,,Strange Landscape,,Yu Jiangang,,1984,238
276,"Wu ShanZhuan,Red Black White,Chinese Cabbage, ",Work,,"Red Black White,Chinese Cabbage",,Wu ShanZhuan,,1986,238
277,Wu ShanZhuan,Work,,"Red Black White,Money",,Wu ShanZhuan,,1986,239
278,Wu ShanZhuan,Work,,Red Black White 4,,Wu ShanZhuan,,986?,239
279,Wu ShanZhuan etc.,Work,,Red Black White 6,,Wu ShanZhuan etc.,,1986,240
280,Wu ShanZhuan etc.,Work,,Red Black White 8,,Wu ShanZhuan etc.,,1986,240
281,Wu ShanZhuan etc.,Work,,Red Black White 11,,Wu ShanZhuan etc.,,1986,241
282,Wu ShanZhuan etc.,Work,,Red Black White 13,,Wu ShanZhuan etc.,,1986,241
283,Wu ShanZhuan etc.,Work,,Red Black White 18, ,Wu ShanZhuan etc.,,1986,242
284,Wu ShanZhuan etc.,Work,,Red Black White 20,,Wu ShanZhuan etc.,,1986,242
285,Wu ShanZhuan etc.,Work,,Red Black White 25,,Wu ShanZhuan etc.,,1986,243
286,Wu ShanZhuan etc.,Work,,Red Black White 26,,Wu ShanZhuan etc.,,1986,243
287,Wu ShanZhuan etc.,Work,,Red Black White 27,,Wu ShanZhuan etc.,,1986,244
288,Wu ShanZhuan etc.,Work,,Red Black White 28,,Wu ShanZhuan etc.,,1986,244
289,Wu ShanZhuan etc.,Work,,Red Black White 30,,Wu ShanZhuan etc.,,1986,245
290,Wu ShanZhuan etc.,Work,,Red Black White 31,,Wu ShanZhuan etc.,,1986,245
291,Wu ShanZhuan etc.,Work,,Red Black White 32,,Wu ShanZhuan etc.,,1986,246
292,Wu ShanZhuan etc.,Work,,Red Black White 33,,Wu ShanZhuan etc.,,1986,246
293,Wu ShanZhuan etc.,Work,,Red Black White 34,,Wu ShanZhuan etc.,,1986,247
294,Wu ShanZhuan etc.,Work,,Red Black White 36,,Wu ShanZhuan etc.,,1986,247
295,Wu ShanZhuan etc.,Work,,Red Black White 38,,Wu ShanZhuan etc.,,1986,248
296,Wu ShanZhuan etc.,Work,,Red Black White 42,,Wu ShanZhuan etc.,,1986,248
297,Wu ShanZhuan,Work,,Deficit Today no Water,,Wu ShanZhuan,,1987,249
298,Wu ShanZhuan,Work,,Deficit,,Wu ShanZhuan,,1987,249
299,Wu ShanZhuan,Work,,Deficit,,Wu ShanZhuan,,1987,250
300,"Wu ShanZhuan,Ni Haifeng etc.",Work,,Abstract 1,,"Wu ShanZhuan,Ni Haifeng etc.",,1987,250
301,Wu ShanZhuan,Work,,Red Seal 3,,Wu ShanZhuan,,1987,251
302,Wu ShanZhuan,Work,,Red Seal 8,,Wu ShanZhuan,,1987,251
303,Wu ShanZhuan,Work,,Red Seal 9,,Wu ShanZhuan,,1987,252
304,Wu ShanZhuan,Work,,Red Seal 10,,Wu ShanZhuan,,1987,252
305,Wu ShanZhuan,Work,,Red Seal 14,,Wu ShanZhuan,,1987,253
306,Wu ShanZhuan,Work,,Red Seal 20,,Wu ShanZhuan,,1987,253
307,Wu ShanZhuan,Work,,Red Seal 25,,Wu ShanZhuan,,1987,254
308,Wu ShanZhuan,Work,,Red Seal 28,,Wu ShanZhuan,,1987,254
309,Wu ShanZhuan,Work,,Red Seal 30 ,,Wu ShanZhuan,,1987,255
310,Wu ShanZhuan,Work,,Red Seal 29,,Wu ShanZhuan,,1987,255
311,Gu Wenda,Work,,Night,ink,Gu Wenda,,1981,256
312,Gu Wenda,Work,,White Nights,ink,Gu Wenda,,1981,256
313,Gu Wenda,Work,,Birth,ink,Gu Wenda,,1981,257
314,Gu Wenda,Work,,Moon,ink,Gu Wenda,,1982,257
315,Gu Wenda,Work,,The Moon Is Sleeping on Earth,ink,Gu Wenda,,1982,258
316,Gu Wenda,Work,,,,Gu Wenda,,1982,258
317,Gu Wenda,Work,,Birth,ink,Gu Wenda,,1982,259
318,Gu Wenda,Work,,Three Sphinx's Avatar,,Gu Wenda,,1982,259
319,Gu Wenda,Work,,Moon,,Gu Wenda,,1982,260
320,Gu Wenda,Work,,Religion and Science,,Gu Wenda,,1982,260
321,Gu Wenda,Work,,Body,,Gu Wenda,,1982,261
322,Gu Wenda,Work,,Taiji,,Gu Wenda,,1983,261
323,Gu Wenda,Work,,zoo,,Gu Wenda,,1982,262
324,Gu Wenda,Work,,History of Civilization,,Gu Wenda,,1983,262
325,Gu Wenda,Work,,Silence,,Gu Wenda,,1983,263
326,Gu Wenda,Work,,Landscape,,Gu Wenda,,1983,263
327,Gu Wenda,Work,,Dun Huang,,Gu Wenda,,1985,264
328,Gu Wenda,Work,,shipin,,Gu Wenda,,1985,264
329,Gu Wenda,Work,,Structure of Caligraphy and Seal,,Gu Wenda,,1985,265
330,Gu Wenda,Work,,Sky and Ocean,,Gu Wenda,,1985,265
331,Gu Wenda,Work,,Potrait as body,,Gu Wenda,,1985,266
332,Gu Wenda,Work,,Object,,Gu Wenda,,1985,266
333,Gu Wenda,Work,,Tai Ji,,Gu Wenda,,1985,267
334,Gu Wenda,Work,,Martyrdom,,Gu Wenda,,1985,267
335,Gu Wenda,Work,,No Title,,Gu Wenda,,1985,268
336,Gu Wenda,Work,,Dangerous Chessboard  Leaves The Earth,,Gu Wenda,,1987,268
337,Wu Shaoxiang,Work,,Work 1,,Wu Shaoxiang,,1985,269
338,Wu Shaoxiang,Work,,Work 2,,Wu Shaoxiang,,1985,269
339,Wu Shaoxiang,Work,,Work 3,,Wu Shaoxiang,,1985,270
340,Xu Bing,Work,,Big Wheel 1,,Xu Bing,,1986,270
341,Xu Bing,Work,,Big Wheel 2,,Xu Bing,,1986,271
342,,Exhibition,,,,,,1985,271
343,,Exhibition,,,,,,1988,272
344,,Exhibition,,,,,,1988,272
345,,Exhibition,,,,,,1988,273
346,,Exhibition,,,,,,1988,273
347,,Exhibition,,,,,,1988,274
348,,Exhibition,,,,,,1988,274
349,,Exhibition,,,,,,1988,275
350,,Exhibition,,,,,,1988,275
351,,Exhibition,,,,,,1988,276
352,,Exhibition,,,,,,1988,276
353,,Exhibition,,,,,,1988,277
354,,Exhibition,,,,,,1988,277
355,,Exhibition,,,,,,1988,278
356,,Exhibition,,,,,,1988,278
357,,Exhibition,,,,,,1987,279
358,,Exhibition,,,,,,1987,279
359,,Exhibition,,,,,,1987,280
360,,Document,,,,Wang Baichang,,1987,280
361,new concept,Exhibition,,,,,,1985,281
362,,Document Exhibition,,,,,,1985,281
363,,Document,,,,,,1985,282
364,,Document,,,,,,1987,282
365,,Document,,,,,,1987,283
366,,,,,,,,1985,283
367,,,,,,,,1985,284
368,Liu Xiangdong,Work,,Wisdom and Power,,Liu Xiangdong,,1985,284
369,Liu Xiangdong,Work,,Philosophy Script,,Liu Xiangdong,,1985,285
370,Liu Xiangdong,Work,,New Culture No.5,,Liu Xiangdong,,1986,285
371,Cai Guoqiang,Work,,No Title 1,,Cai Guoqiang,,1985,286
372,Cai Guoqiang,Work,,No Title 2,,Cai Guoqiang,,1985,286
373,Cai Guoqiang,Work,,Self Portrait,,,,1985,287
374,Huang Yongping,Work,,No Title 1,,Huang Yongping,,1985,287
375,Huang Yongping,Work,,No Title 2,,Huang Yongping,,1985,288
376,Huang Yongping,Work,,No Title 3,,Huang Yongping,,1985,288
377,,,,,,,Shanghai,1985,289
378,,,,,,,Shanghai,1985,289
379,,,,,,,Shanghai,1985,290
380,,,,,,,Shanghai,1985,290
381,,,,,,,Shanghai,1985,291
382,,,,,,,Shanghai,1985,291
383,,,,,,,Shanghai,1985,292
384,,,,,,,Shanghai,1985,292
385,,,,,,,Shanghai,1985,293
386,,,,,,,Shanghai,1985,293
387,,,,,,,Shanghai,1985,294
388,,,,,,,Shanghai,1985,294
389,,,,,,,Shanghai,1986,295
390,,,,,,,Shanghai,1986,295
391,,,,,,,Shanghai,1986,296
392,,,,,,,Shanghai,1986,296
393,,,,,,,Shanghai,1986,297
394,,,,,,,Shanghai,1986,297
395,,,,,,,Shanghai,1986,298
396,,,,,,,Shanghai,1986,298
397,Mao Xuhui,,,Red ,,Mao Xuhui,,1984,299
398,Mao Xuhui,,,,,Mao Xuhui,,1984,299
399,Mao Xuhui,,,,,Mao Xuhui,,1984,300
400,Mao Xuhui,,,,,Mao Xuhui,,1984,300
401,Mao Xuhui,,,,,Mao Xuhui,,1984,301
402,Mao Xuhui,,,,,Mao Xuhui,,1984,301
403,Mao Xuhui,,,,,Mao Xuhui,,1984,302
404,Mao Xuhui,,,,,Mao Xuhui,,1985,302
405,Mao Xuhui,,,,,Mao Xuhui,,1986,303
406,Mao Xuhui,,,,,Mao Xuhui,,1986,303
407,Mao Xuhui,,,,,Mao Xuhui,,1986,304
408,Mao Xuhui,,,,,Mao Xuhui,,1986,304
409,Mao Xuhui,,,,,Mao Xuhui,,1986,305
410,Mao Xuhui,,,,,Mao Xuhui,,1986,305
411,Mao Xuhui,,,,,Mao Xuhui,,1986,306
412,Mao Xuhui,,,,,Mao Xuhui,,1986,306
413,Mao Xuhui,,,,,Mao Xuhui,,1986,307
414,Zhang Xiaogang,,,,,Zhang Xiaogang,,1984,307
415,Zhang Xiaogang,,,,,Zhang Xiaogang,,1985,308
416,Zhang Xiaogang,,,,,Zhang Xiaogang,,1985,308
417,Zhang Xiaogang,,,,,Zhang Xiaogang,,1985,309
418,Zhang Xiaogang,,,,,Zhang Xiaogang,,1985,309
419,Zhang Xiaogang,,,,,Zhang Xiaogang,,1985,310
420,Zhang Xiaogang,,,,,Zhang Xiaogang,,1985,310
421,Zhang Xiaogang,,,,,Zhang Xiaogang,,1988,311
422,Ye Yongqing,,,,,Ye Yongqing,,1985,311
423,Ye Yongqing,,,,,Ye Yongqing,,1985,312
424,Ye Yongqing,,,,,Ye Yongqing,,1984,312
425,Ye Yongqing,,,,,Ye Yongqing,,1985,313
426,Ye Yongqing,,,,,Ye Yongqing,,1986,313
427,Ye Yongqing,,,,,Ye Yongqing,,1985,314
428,Pan Dehai,,,,,Pan Dehai,,1985,314
429,Pan Dehai,,,,,Pan Dehai,,1984,315
430,Pan Dehai,,,,,Pan Dehai,,1984,315
431,Pan Dehai,,,,,Pan Dehai,,1984,316
432,Pan Dehai,,,,,Pan Dehai,,1985,316
433,Fu Liya,,,,,Pu Liya,,1985,317
434,Ding Defu,,,,,Ding Defu,,1985,317
435,Ding Defu,,,,,Ding Defu,,1986,318
436,Ding Defu,,,,,Ding Defu,,1987,318
437,Ding Defu,,,,,Ding Defu,,1987,319
438,Ding Defu,,,,,Ding Defu,,1988,319
439,Sun Guojuan,,,,,Sun Guojuan,,1985,320
440,Sun Guojuan,,,,,Sun Guojuan,,1985,320
441,Hou Wenyi,,,,,Hou Wenyi,,1985,321
442,Hou Wenyi,,,,,Hou Wenyi,,1985,321
443,Hou Wenyi,,,,,Hou Wenyi,,1985,322
444,Hou Wenyi,,,,,Hou Wenyi,,1985,322
445,Hou Wenyi,,,,,Hou Wenyi,,1985,323
446,Hou Wenyi,,,,,Hou Wenyi,,1985,323
447,Zhai Wei,,,,,Zhai Wei,,1985,324
448,Zhai Wei,,,,,Zhai Wei,,1985,324
449,Yang Huangli,,,,,Yang Huangli,,1985,325
450,Zhang Long,,,,,Zhang Long,,1984,325
451,Zhang Xiaping,,,,,Zhang Xiaping,,1985,326
452,Sun Shifan,,,,,Sun Shifan,,1985,326
453,Liu Quan,,,,,Liu Quan,,1985,327
454,Cao Li,,,,,Cao li,,1985,328
455,Xia Xiaowan,,,,,Xia Xiaowan,,1985,328
456,Liang Yuan,,,,,Liang Yuan,,1985,329
457,Chen Qiang,,,,,Chen Qiang,,1985,329
458,,,,,,,,1985,330
459,Li Baoying,,,,,Li Baoying,,1985,330
460,Liu Changshun,,,,,Liu Changshun,,1986,331
461,Zhang Song,,,,,Zhang Song,,1986,331
462,Zhu Haikun,,,,,Zhu Haikun,,1986,332
463,Lin Chunyan,,,,,Lin Chunyan,,1986,332
464,Zhang Yibo,,,,,Zhang Yibo,,1986,333
465,Meng Luding,,,,,Meng Luding,,1986,333
466,Chen Dan,,,,,Chen Dan,,1986,334
467,Guan Wei,,,,,Guan Wei,,1986,334
468,Zhao Hui,,,,,Zhao Hui,,1986,335
469,Chen Wenqi,,,,,Chen Wenqi,,1986,335
470,Zhang Qun,,,,,Zhang Qun,,1987,336
471,Wang Youshen,,,,,Wang Youshen,,1988,336
472,Wu Shaoxiang,,,,,Wu Shaoxiang,,1988,337
473,Jia Bo,,,,Oil,Jia Bo,,1988,337
474,Sun Jianping,,,,Oil,Sun Jianping,,1985,338
475,Li Jin,,,,Oil,Li Jin,,1985,338
476,Li Jin,,,,Ink,Li Jin,,1985,339
477,Li Jin,,,,Ink,Li Jin,,1985,339
478,Yan Binghui,,,,Ink,Yan Binghui,,1985,340
479,Yan Binghui,,,,,Yan Binghui,,1985,340
480,Yan Binghui,,,,,Yan Binghui,,1985,341
481,Yan Binghui,,,,,Yan Binghui,,1985,341
482,Yan Binghui,,,,,Yan Binghui,,1985,342
483,Lv Peihuan,,,the last radiance of the setting sun,,Lv Peihuan,,1985,342
484,Lv Peihuan,,,,,Lv Peihuan,,1985,343
485,,,,,,,,1985,343
486,,,,,,,,1985,344
487,,,,,,,,1986,344
488,,,,,,,,1986,345
489,Fan Bo,,,,,Fan Bo,,1985,345
490,Fan Bo,,,,,Fan Bo,,1985,346
491,Fu Zenan,,,,,Fu Zenan,,1985,346
492,Fu Zenan,,,,,Fu Zenan,,1985,347
493,Fu Zenan,,,,,Fu Zenan,,1985,347
494,Fu Zenan,,,,,Fu Zenan,,1985,348
495,Fu Zenan,,,,,Fu Zenan,,1985,348
496,Fu Zewu,,,,,Fu Zewu,,1985,349
497,Fu Zewu,,,,,Fu Zewu,,1985,349
498,Le Xiaoshi,,,,,Le Xiaoshi,,1985,350
499,Ma Baokang,,,,,Ma Baokang,,1985,350
500,Ma Xiaoxing,,,,,Ma Xiaoxing,,1985,351
501,Ma Xiaoxing,,,,,Ma Xiaoxing,,1985,351
502,Ma Xiaoxing,,,,,Ma Xiaoxing,,1985,352
503,Pi Zhiwei,,,,,Pi Zhiwei,,1985,352
504,Shao Pusheng,,,,,Shao Pusheng,,1985,353
505,Shao Pusheng,,,,,Shao Pusheng,,1985,353
506,Shao Pusheng,,,,,Shao Pusheng,,1985,354
507,Shao Pusheng,,,,,Shao Pusheng,,1985,354
508,Shao Xianlan,,,,,Shao Xianlan,,1985,355
509,Shao Xianlan,,,,,Shao Xianlan,,1985,355
510,Shi Xiaojun,,,,,Shi Xiaojun,,1985,356
511,Tang Tao,,,,,Tang Tao,,1985,356
512,Wang Aiqin,,,,,Wang Aiqin,,1985,357
513,Wang Aiqin,,,,,Wang Aiqin,,1985,357
514,Wang Aiqin,,,,,Wang Aiqin,,1985,358
515,Wang Dun,,,,,Wang Dun,,1985,358
516,Xia Funing,,,,,Xia Funing,,1985,359
517,Yang Wenqun,,,,,Yang Wenqun,,1985,359
518,Zhu Shaoqiang,,,,,Zhu Shaoqiang,,1985,360
519,Zhu Shaoqiang,,,,,Zhu Shaoqiang,Xu Zhou,1985,360
520,Zhu Shaoqiang,,,,,Zhu Shaoqiang,Xu Zhou,1985,361
521,,,"""The Xuzhou Modern Art Exhibition"",1986",,,,Xu Zhou,1986,361
522,,,"""The Xuzhou Modern Art Exhibition"",1986",,,,Xu Zhou,1986,362
523,,,"""The Xuzhou Modern Art Exhibition"",1986",,,,Xu Zhou,1986,362
524,,,"""The Xuzhou Modern Art Exhibition"",1986",,,,Xu Zhou,1986,363
525,,,"""The Xuzhou Modern Art Exhibition"",1986",,,,Xu Zhou,1986,363
526,,,"""The Xuzhou Modern Art Exhibition"",1986",,,,Xu Zhou,1986,364
527,Wu Pingren,,,,,Wu Pingren,Xu Zhou,1986,364
528,Wu Pingren,,,,,Wu Pingren,Xu Zhou,1986,365
529,Qu Yan,,,,,Qu Yan,Xu Zhou,1986,365
530,Qu Yan,,,,,Qu Yan,Xu Zhou,1985,366
531,Qu Yan,,,,,Qu Yan,Xu Zhou,1987,366
532,Qu Yan,,,,,Qu Yan,Xu Zhou,1987,367
533,Qu Yan,,,,,Qu Yan,Xu Zhou,1987,367
534,Li Yafei,,,,,Li Yafei,Xu Zhou,1985,368
535,Li Yafei,,,,,Li Yafei,Xu Zhou,1986,368
536,Li Yafei,,,,,Li Yafei,Xu Zhou,1986,369
537,Wang Lu,,,,,Wang Lu,Xu Zhou,1986,369
538,Wang Lu,,,,,Wang Lu,Xu Zhou,1986,370
539,Wang Lu,,,,,Wang Lu,Xu Zhou,1986,370
540,Wang Lu,,,,,Wang Lu,Xu Zhou,1986,371
541,Wang Lu,,,,,Wang Lu,Xu Zhou,1986,371
542,Wang Lu,,,,,Wang Lu,Xu Zhou,1986,372
543,Weng Jianqing,,,,,Weng Jianqing,Xu Zhou,1985,372
544,Weng Jianqing,,,,,Weng Jianqing,Xu Zhou,1985,373
545,Yuan Xianming,,,,,Yuan Xianming,Xu Zhou,1985,373
546,Yuan Xianming,,,,,Yuan Xianming,Xu Zhou,1985,374
547,Shi Dihua,,,,,Shi Dihua,Xu Zhou,1985,374
548,Shi Dihua,,,,,Shi Dihua,Xu Zhou,1985,375
549,Shi Dihua,,,,,Shi Dihua,Xu Zhou,1985,375
550,Gao Tianming,,,,,Gao Tianming,Xu Zhou,1985,376
551,Gao Tianming,,,,,Gao Tianming,Xu Zhou,1985,376
552,Gao Tianming,,,,,Gao Tianming,Xu Zhou,1985,377
553,Gao Tianming,,,,,Gao Tianming,Xu Zhou,1986,377
554,Wang Chuan,,,,,Wang Chuan,Xu Zhou,1985,378
555,Wang Chuan,,,,,Wang Chuan,Xu Zhou,1985,378
556,Wang Chuan,,,,,Wang Chuan,Xu Zhou,1985,379
557,Wang Chuan,,,,,Wang Chuan,Xu Zhou,1986,379
558,Wang Chuan,,,,,Wang Chuan,Xu Zhou,1987,380
559,Wang Chuan,,,,,Wang Chuan,Xu Zhou,1987,380
560,Wang Chuan,,,,,Wang Chuan,Xu Zhou,1987,381
561,Wang Chuan,,,,,Wang Chuan,Xu Zhou,1985,381
562,Wu Shixiong,,,,,Wu Shixiong,Xu Zhou,1985,382
563,Ying Weiping,,,,,Ying Weiping,Xu Zhou,1985,382
564,Ying Weiping,,,,,Ying Weiping,Xu Zhou,1985,383
565,Li Jian,,,,,Li Jian,Xu Zhou,1985,383
566,Li Jian,,,,,Li Jian,Xu Zhou,1985,384
567,Li Jian,,,,,Li Jian,Xu Zhou,1985,384
568,Wei Xilin,,,,,Wei Xilin,Xu Zhou,1985,385
569,Xie Yuxi,,,,,Xie Yuxi,Xu Zhou,1985,385
570,Xie Yuxi,,,,,Xie Yuxi,Xu Zhou,1985,386
571,Xu Jing,,,,,Xu Jing,Xu Zhou,1985,386
572,Ye Ling,,,,,Ye Ling,,1985,387
573,Li Yunying,,,,,Li Yunying,,1985,387
574,,,,,,,,1984,388
575,Cao Yong,,,,,Cao Yong,,1985,388
576,Cao Yong,,,,,Cao Yong,,1985,389
577,Cao Yong,,,,,Cao Yong,,1985,389
578,Cao Yong,,,,,Cao Yong,,1985,390
579,Cao Yong,,,,,Cao Yong,,1985,390
580,Cao Yong,,,,,Cao Yong,,1985,391
581,Yang Shufeng,,,,,Yang Shufeng,,1985,391
582,Yang Shufeng,,,,,Yang Shufeng,,1985,392
583,Yang Shufeng,,,,,Yang Shufeng,,1985,392
584,Yang Shufeng,,,,,Yang Shufeng,,1985,393
585,Yang Shufeng,,,,,Yang Shufeng,,1985,393
586,Yang Shufeng,,,,,Yang Shufeng,,1985,394
587,Yang Shufeng,,,,,Yang Shufeng,,1985,394
588,Yang Shufeng,,,,,Yang Shufeng,,1985,395
589,Liu Zheng,,,,,Liu Zheng,,1985,395
590,Huang Yulan,,,,,Huang Yulan,,1986,396
591,Huang Yulan,,,,,Huang Yulan,,1986,396
592,Fu Qiang,,,,,Fu Qiang,,1986,397
593,Fu Qiang,,,,,Fu Qiang,,1986,397
594,Shi Dan,,,,,Shi Dan,,1986,398
595,Hu Shaquan,,,,,Hu Shaquan,,1986,398
596,Wen Dusu,,,,,Wen Dusu,,1986,399
597,Zhou Yu,,,,,Zhou Yu,,1986,399
598,,,,,,,,on 6,400
599,Chen Yuzhu,,,,,Chen Yuzhu,,1986,400
600,Chen Yuzhu,,,,,Chen Yuzhu,,1986,401
601,Chen Yuzhu,,,,,Chen Yuzhu,,1986,401
602,Chen Yuzhu,,,,,Chen Yuzhu,,1986,402
603,Li Yanping,,,,,Li Yanping,,1986,402
604,Li Yanping,,,,,Li Yanping,,1986,403
605,Li Yanping,,,,,Li Yanping,,1986,403
606,Li Yanping,,,,,Li Yanping,,1986,404
607,Li Yanping,,,,,Li Yanping,,1986,404
608,Li Yanping,,,,,Li Yanping,,1986,405
609,Li Yanping,,,,,Li Yanping,,1986,405
610,Li Zhibao,,,,,Li Zhibao,,1986,406
611,Li Zhibao,,,,,Li Zhibao,,1986,406
612,Qi Yong,,,,,Qi Yong,,1986,407
613,Qi Yong,,,,,Qi Yong,,1986,407
614,Yu Xiaodong,,,,,Yu Xiaodong,,1986,408
615,Yu Xiaodong,,,,,Yu Xiaodong,,1986,408
616,Zhai Yaofei,,,,,Zhai Yaofei,,1986,409
617,Zhai Yaofei,,,,,Zhai Yaofei,,1986,409
618,Zhai Yaofei,,,,,Zhai Yaofei,,1986,410
619,Wang Linfa,,,,,Wang Linfa,,1986,410
620,Dai Guangyu,,,,,Dai Guangyu,,1985,411
621,Huangpu Qiren,,,,,Huangpu Qiren,,1985,411
622,Jian Chongmin,,,,,Jian Chongmin,,1985,412
623,Li Jixiang,,,,,Li Jixiang,,1985,412
624,Luo Lunjian,,,,,Luo Lunjian,,1985,413
625,Xu Dachen,,,,,Xu Dachen,,1985,413
626,,,,,,,,1985,414
627,,,,,,,,on 7,414
628,Duan Xiu Cang,,,,,Duan Xiu Cang,,1986,415
629,Duan Xiu Cang,,,,,Duan Xiu Cang,,1986,415
630,Duan Xiu Cang,,,,,Duan Xiu Cang,,1986,416
631,Wang Huanqing,,,,,Wang Huanqing,,1986,416
632,Wang Huanqing,,,,,Wang Huanqing,,1986,417
633,Wang Huanqing,,,,,Wang Huanqing,,1986,417
634,Wang Huanqing,,,,,Wang Huanqing,,1986,418
635,Qiao Xiaoguang,,,,,Qiao Xiaoguang,,1986,418
636,Qiao Xiaoguang,,,,,Qiao Xiaoguang,,1986,419
637,Qiao Xiaoguang,,,,,Qiao Xiaoguang,,1986,419
638,Qiao Xiaoguang,,,,,Qiao Xiaoguang,,1986,420
639,,,,,,,He Nan,1986,420
640,,,,,,,He Nan,1986,421
641,,,,,,,He Nan,1986,421
642,,,,,,,He Nan,1986,422
643,,,,,,,He Nan,1986,422
644,,,,,,,He Nan,1986,423
645,,,,,,,He Nan,1986,423
646,,,,,,,,1986,424
647,,,,,,,,1987,424
648,,,,,,,,????,425
649,Zhu Yanguang,,,,,Zhu Yanguang,,1986,425
650,Zhu Yanguang,,,,,Zhu Yanguang,,1986,426
651,Zhu Yanguang,,,,,Zhu Yanguang,,1986,426
652,Ren Xiaoyin,,,,,Ren Xiaoyin,,1986,427
653,Ren Xiaoyin,,,,,Ren Xiaoyin,,1986,427
654,Ren Xiaoyin,,,,,Ren Xiaoyin,,1986,428
655,Chen Yufei,,,,,Chen Yufei,,1986,428
656,Fu Qiang,,,,,Fu Qiang,,1985,429
657,Huang Weidong,,,,,Huang Weidong,,1985,429
658,Liu Yifu,,,,,Liu Yifu,,1985,430
659,Lu Jinbo,,,,,Lu Jinbo,,1985,430
660,Shi Xiangqiang,,,,,Shi Xiangqiang,,1985,431
661,Wang Jianhua,,,,,Wang Jianhua,,1985,431
662,Wang Jin,,,,,Wang Jin,,1985,432
663,Wang Shouming,,,,,Wang Shouming,,1985,432
664,Wang Shouming,,,,,Wang Shouming,,1985,433
665,Xie Haitao,,,,,Xie Haitao,,1985,433
666,Xie Haitao,,,,,Xie Haitao,,1985,434
667,Yang Guoxin,,,,,Yang Guoxin,,1985,434
668,Zhang Quan,,,,,Zhang Quan,,1985,435
669,Zhu Mo,,,,,Zhu Mo,,1985,435
670,Zhuang Wei,,,,,Zhuang Wei,,1985,436
671,He Yonghong,,,,,He Yonghong,,1985,436
672,Li Ling,,,,,Li Ling,,1985,437
673,Li Xiangqun,,,,,Li Xiangqun,,1985,437
674,Liu Qingmin,,,,,Liu Qingmin,,1985,438
675,Shi Xiao,,,,,Shi Xiao,,1985,438
676,Song Xiaomin,,,,,Song Xiaomin,,1955,439
677,Wan Guohua,,,,,Wan Guohua,,1985,439
678,Tong Jianyin,,,,,Tong Jianyin,,1985,440
679,Tong Jianyin,,,,,Tong Jianyin,,1985,440
680,Tong Jianyin,,,,,Tong Jianyin,,1985,441
681,Zhao Shuli,,,,,Zhao Shuli,,1985,441
682,Luo Mingjun,,,,,Luo Mingjun,,1985,442
683,Jiang Shangwen,,,,,Jiang Shangwen,,1985,442
684,Huang Bing,,,,,Huang Bing,,1985,443
685,Huang Bing,,,,,Huang Bing,,1985,443
686,Liu Yun,,,,,Liu Yun,,1985,444
687,Liu Xiangdong,,,,,Liu Xiangdong,,1985,444
688,Yuan Xiaoyan,,,,,Yuan Xiaoyan,,1985,445
689,Ma Jianxin,,,,,Ma Jianxin,,1985,445
690,Ma Jianxin,,,,,Ma Jianxin,,1985,446
691,Ma Jianxin,,,,,Ma Jianxin,,1985,446
692,Shu Lei,,,,,Shu Lei,,1985,447
693,Yuan Qingyi,,,,,Yuan Qingyi,,1986,447
694,Li Luming,,,,,Li Luming,,1986,448
695,Li Luming,,,,,Li Luming,,1986,448
696,Tan Liqin,,,,,Tan Liqin,,1985,449
697,Tan Liqin,,,,,Tan Liqin,,1985,449
698,,,,,,,,1986,450
699,Huang Yali,,,,,Huang Yali,,1987,450
700,Huang Yali,,,,,Huang Yali,,1987,451
701,Huang Yali,,,,,Huang Yali,,1987,451
702,Huang Yali,,,,,Huang Yali,,1987,452
703,Fu Zhongwang,,,,,Fu Zhongwang,,1986,452
704,Liu Zijian,,,,,Liu Zijian,,1987,453
705,Wu Guoquan,,,,,Wu Guoquan,,1986,453
706,Wu Guoquan,,,,,Wu Guoquan,,1986,454
707,Wu Guoquan,,,,,Wu Guoquan,,1986,454
708,Wu Guoquan,,,,,Wu Guoquan,,1986,455
709,Wu Guoquan,,,,,Wu Guoquan,,1986,455
710,,,,,,,,"?""??",456
711,,,,,,,,1986,456
712,,,,,,,,1986,457
713,,,,,,,,1986,457
714,,,,,,,,1986,458
715,,,,,,,,1986,458
716,,,,,,,,1986,459
717,Wei Guangqing,,,,,Wei Guangqing,,1986,459
718,Wei Guangqing,,,,,Wei Guangqing,,1986,460
719,Cao Dan,,,,,Cao Dan,,1986,460
720,Cao Dan,,,,,Cao Dan,,1986,461
721,Mao Chunyi,,,,,Mao Chunyi,,1986,461
722,Tian Hui,,,,,Tian Hui,,1986,462
723,Tian Hui,,,,,Tian Hui,,1986,462
724,Li Yaobang,,,,,Li Yaobang,,1986,463
725,Li Yaobang,,,,,Li Yaobang,,1986,463
726,Fang Shaohua,,,,,Fang Shaohua,,1986,464
727,Guo Zhengshan,,,,,Guo Zhengshan,,1986,464
728,Guo Zhengshan,,,,,Guo Zhengshan,,1986,465
729,Xie Yao,,,,,Xie Yao,,1986,465
730,Fan Hancheng,,,,,Fan Hancheng,,1986,466
731,Dong Jining,,,,,Dong Jining,,1986,466
732,,,,,,,,1986,467
733,Sun Shaoqun,,,,,Sun Shaoqun,,1986,467
734,Gao Minfeng,,,,,Gao Minfeng,,1986,468
735,Gao Minfeng,,,,,Gao Minfeng,,1986,468
736,Xiao Feng,,,,,Xiao Feng,,1986,469
737,Xiao Feng,,,,,Xiao Feng,,1986,469
738,Wang Xianglin,,,,,Wang Xianglin,,1986,470
739,,,,,,,,1986,470
740,Hu Chaoyang ,,,,,Hu Chaoyang ,,1986,471
741,Lin Wei,,,,,Lin Wei,,1986,471
742,Qiu Xiu,,,,,Qiu Xiu,,1986,472
743,Ye Jun,,,,,Ye Jun,,1986,472
744,Huang Bangxiong,,,,,Huang Bangxiong,,1986,473
745,,,,,,,,1986,473
746,,,,,,,,"?""??",474
747,Ji Houming,,,,,Ji Houming,,1986,474
748,Chen Lvshou,,,,,Chen Lvshou,,1986,475
749,Luo Yin,,,,,Luo Yin,,1986,475
750,Luo Yin,,,,,Luo Yin,,1987,476
751,,,,,,,,????,476
752,,,,,,,,????,477
753,,,,,,,,1989,477
754,,,,,,,,1989,478
755,,,,,,,,1989,478
756,,,,,,,,1989,479
757,Huang Yongping,Document,,,,Huang Yongping,,1984,479
758,Huang Yongping,Document,,,,Huang Yongping,,1985,480
759,Huang Yongping,Document,,,,Huang Yongping,,1986,480
760,Huang Yongping,Work,,,,Huang Yongping,,1986,481
761,,Exhibition,,,,,,1986,481
762,Huang Yongping,Exhibition,,,,Huang Yongping,,1986,482
763,,Exhibition,,,,,,1986,482
764,,Exhibition,,,,,,1986,483
765,,Exhibition,,,,,,1986,483
766,,Exhibition,,,,,,1986,484
767,,Exhibition,,,,,,1986,484
768,,Exhibition,,,,,,1986,485
769,,Exhibition,,,,,,1986,485
770,,Exhibition,,,,,,1987,486
771,,Work,,,,,,1987,486
772,,Work,,,,,,1987,487
773,Huang Yongping,Work,,,,Huang Yongping,,1987,487
774,Huang Yongping,Work,,,,Huang Yongping,,1987,488
775,Huang Yongping,Work,,,,Huang Yongping,,1987,488
776,Huang Yongping,Work,,,,Huang Yongping,,1987,489
777,Huang Yongping,Work,,,,Huang Yongping,,1988,489
778,Huang Yongping,Work,,,,Huang Yongping,,1987,490
779,Lin Chun,Work,,,,Lin Chun,,1986,490
780,Lin Chun,Work,,,,Lin Chun,,1986,491
781,Lin Chun,,,,,Lin Chun,,1987,491
782,Jiao Yaoming,,,,,Jiao Yaoming,,1986,492
783,,Work,,,,,,1988,492
784,Sun Baoguo,Work,,,,Sun Baoguo,,1985,493
785,Sun Baoguo,Work,,,,Sun Baoguo,,1985,493
786,Sun Baoguo,Work,,,,Sun Baoguo,,1985,494
787,Sun Baoguo,Work,,,,Sun Baoguo,,1985,494
788,Sun Baoguo,Work,,,,Sun Baoguo,,1985,495
789,Sun Baoguo,Work,,,,Sun Baoguo,,1985,495
790,Wang Yibo,Work,,,,Wang Yibo,,1985,496
791,Zhang Suojia,Work,,,,Zhang Suojia,,1986,496
792,Zhang Suojia,Work,,,,Zhang Suojia,,1986,497
793,Zhao Haibo,Work,,,,Zhao Haibo,,1986,497
794,Zhu Wei,Work,,,,Zhu Wei,,1985,498
795,Zhu Wei,,,,,Zhu Wei,,1985,498
796,Zhu Wei,,,,,Zhu Wei,,1985,499
797,,,,,,,,1986,499
798,,,,,,,,1986,500
799,,,,,,,,1986,500
800,,,,,,,,1986,501
801,,,,,,,,1986,501
802,,,,,,,,1986,502
803,,,,,,,,1985,502
804,,,,,,,,1985,503
805,,,,,,,,1985,503
806,,,,,,,,1985,504
807,Song Yongping,,,"No Title, No.1",,Song Yongping,,1985,504
808,Song Yongping,,,"No Title, No.2",,Song Yongping,,1985,505
809,Song Yongping,,,"No Title, No.3",,Song Yongping,,1985,505
810,Wang Yazhong,,,"No Title, No.1",,Wang Yazhong,,1985,506
811,Wang Yazhong,,,"No Title, No.2",,Wang Yazhong,,1985,506
812,Zhang Jianzhong,,,No Title,,Zhang Jianzhong,,1985,507
813,Qu Yan,,,Northern Su,,Qu Yan,,1985,507
814,Qu Yan,,,Station,,Qu Yan,,1985,508
815,Qu Yan,,,"No Title, No.1",,Qu Yan,,1985,508
816,Qu Yan,,,"No Title, No.2",,Qu Yan,,1985,509
817,Wang Jiping,,,"No Title, No.1",,Wang Jiping,,1986,509
818,Wang Jiping,,,"No Title, No.2",,Wang Jiping,,1986,510
819,Wang Jiping,,,"No Title, No.3",,Wang Jiping,,1986,510
820,Wang Jiping,,,"No Title, No.4",,Wang Jiping,,1986,511
821,Wang Jiping,,,"No Title, No.5",,Wang Jiping,,1986,511
822,"Song Yongping,Song Yonghong",,,,,"Song Yongping,Song Yonghong",,1986,512
823,"Song Yongping,Song Yonghong",,,,,"Song Yongping,Song Yonghong",,1986,512
824,"Song Yongping,Song Yonghong",,,,,"Song Yongping,Song Yonghong",,1986,513
825,"Song Yongping,Song Yonghong",,,,,"Song Yongping,Song Yonghong",,1986,513
826,"Song Yongping,Song Yonghong",,,,,"Song Yongping,Song Yonghong",,1986,514
827,"Song Yongping,Song Yonghong",,,,,"Song Yongping,Song Yonghong",,1986,514
828,"Song Yongping,Song Yonghong",,,,,"Song Yongping,Song Yonghong",,1986,515
829,"Song Yongping,Song Yonghong",,,,,"Song Yongping,Song Yonghong",,1986,515
830,"Song Yongping,Song Yonghong",,,,,"Song Yongping,Song Yonghong",,1986,516
831,,,,,,,,1985,516
832,,,,,,,,1985,517
833,,,,,,,,1985,517
834,,,,,,,,1985,518
835,,,,,,,,1985,518
836,,,,,,,,1985,519
837,,,,,,,,1985,519
838,,,,,,,,1986,520
839,,,,,,,,1986,520
840,,,,,,,,1986,521
841,,,,,,,,1986,521
842,,,,,,,,1986,522
843,,,,,,,,1986,522
844,,,,,,,,1986,523
845,,,,,,,,1986,523
846,,,,,,,,1986,524
847,,,,,,,,1986,524
848,,,,,,,,1985,525
849,,,,,,,,1985,525
850,,,,,,,,1985,526
851,,,,,,,,1985,526
852,,,,,,,,1985,527
853,,,,,,,,1985,527
854,,,,,,,,1985,528
855,,,,,,,,1985,528
856,,,,,,,,1985,529
857,,,,,,,,1985,529
858,,,,,,,,1985,530
859,,,,,,,,1985,530
860,,,,,,,,1985,531
861,,,,,,,,1985,531
862,,,,,,,,1985,532
863,,,,,,,,1985,532
864,,,,,,,,1985,533
865,,,,,,,,1985,533
866,,,,,,,,1985,534
867,,,,,,,,1986,534
868,,,,,,,,1986,535
869,,,,,,,,1986,535
870,,,,,,,,1986,536
871,,,,,,,,1985,536
872,,,,,,,,1985,537
873,,,,,,,,1985,537
874,,,,,,,,1985,538
875,,,,,,,,1987,538
876,,,,,,,,1987,539
877,,,,,,,,1987,539
878,,,,,,,,1986,540
879,,,,,,,,1986,540
880,,,,,,,,1986,541
881,,,,,,,,1988,541
882,,,,,,,,1988,542
883,,,,,,,,1988,542
884,,,,,,,,1988,543
885,,,,,,,,1988,543
886,,,,,,,,1988,544
887,,,,,,,,1988,544
888,,,,,,,,1988,545
889,,,,,,,,1986,545
890,,,,,,,,1986,546
891,,,,,,,,1986,546
892,,,,,,,,1986,547
893,,,,,,,,1986,547
894,,,,,,,,1986,548
895,,,,,,,,1986,548
