picture_id,Exhibition_Name,Work_Name,Artist_Name
1,First Stars Exhibition,,
2,First Stars Exhibition,,
3,First Stars Exhibition,,Wang Keping
4,First Stars Exhibition,,Wang Keping
5,First Stars Exhibition,,Liuxun
6,,,Wang Keping
7,,,Wang Keping
8,,,Ma DeSheng
9,,,
10,First Stars Exhibition,,
11,First Stars Exhibition,,"Qu Leilei,Liu Xun,Li Shuang,Wang Keping"
12,,,
13,Li Shuang First Individual Exhibition,Free Soul,Li Shuang
14,First Stars Exhibition,Silence,Wang Keping
15,First Stars Exhibition,Long Long Life,Wang Keping
16,First Stars Exhibition,My Motherland 2,Qu Leilei
17,First Stars Exhibition,My Motherland 3,Qu Leilei
18,First Stars Exhibition,My Motherland 4,Qu Leilei
19,First Stars Exhibition,My Motherland 5,Qu Leilei
20,First Stars Exhibition,My Motherland 6,Qu Leilei
21,First Stars Exhibition,My Motherland 7,Qu Leilei
22,First Stars Exhibition,Enigma of Motherland,Qu Leilei
23,First Stars Exhibition,Three Screens of Nude Women ,Ma DeSheng
24,First Stars Exhibition,Hard to Express,Yan Li
25,First Stars Exhibition,Sea Breeze,Bo Yun
26,,,"Yang Yanping, Zhang Wei, Zhang Wenxin? Zhang Guangfu, Zhang Hongnian, Zhang Jiaxi, Zhong Ming, Zhao Yixiong, Qin Yuanyue, Chang Youming, Yuan Yunsheng, Yuan Yunfu, Cao Dali, Huang Li, Yan Zhenduo, Fu Yuan, Zhan Jianjun, Ma Yunhong, Wang Lu, Wang Leifu, Ye Wulin, Fen Guodong,Si Shangyi, Liu Bingjiang, Zhuang Yan, Zhu Naizheng, Quan Zhenghuan? Xing Guozhen? Pang Tao, Ji Cheng, Li Huaji, Li Yuchang, Li Xiushi, Chen Wei, Wu Guanzhong, Lin Gang"
27,,,"Yang Yanping, Zhang Wei, Zhang Wenxin? Zhang Guangfu, Zhang Hongnian, Zhang Jiaxi, Zhong Ming, Zhao Yixiong, Qin Yuanyue, Chang Youming, Yuan Yunsheng, Yuan Yunfu, Cao Dali, Huang Li, Yan Zhenduo, Fu Yuan, Zhan Jianjun, Ma Yunhong, Wang Lu, Wang Leifu, Ye Wulin, Fen Guodong,Si Shangyi, Liu Bingjiang, Zhuang Yan, Zhu Naizheng, Quan Zhenghuan? Xing Guozhen? Pang Tao, Ji Cheng, Li Huaji, Li Yuchang, Li Xiushi, Chen Wei, Wu Guanzhong, Lin Gang"
28,,,"Li Shan, Dai Hengyang? Gao Minglu, Li Xiushi, Zhan Jianjun, Zhang Zuying, Li Di, Zhang Peili, Shu Qun, Cai Rong"
29,,,"Gao Minglu, Zhang Peili, Tang Qingnian, Zhu Qingsheng? Li Shan, Shu Qun "
30,,,"Shu Qun, Li Di, Zhang Peili, Gao Minglu, Dai Hengyang? Li Shan"
34,Zhu Hai Painting Institute First Exhibition,Actors,Shi Guo
35,Zhu Hai Painting Institute First Exhibition,Taotie,Shi Guo
36,Zhu Hai Painting Institute First Exhibition,Penetrate Each other,Shi Guo
37,Zhu Hai Painting Institute First Exhibition,Abyss,Shi Panshi
38,Zhu Hai Painting Institute First Exhibition,Girl Space No.3,Li Ziren
39,Zhu Hai Painting Institute First Exhibition,Girl Space No.4,Li Ziren
40,Zhu Hai Painting Institute First Exhibition,Girl Space No.5,Li Ziren
41,Zhu Hai Painting Institute First Exhibition,,Wu Liming
42,Zhu Hai Painting Institute First Exhibition,,Tang Li
43,Zhu Hai Painting Institute First Exhibition,,Tang Li
44,77,777 logo,Ren Jian
45,,777 logo,
46,,777,
47,,,
48,,,
49,,,
50,,,
51,,,
54,,Frozen North Pole  No.15,Wang Guangyi
55,,Frozen North Pole  No.20,Wang Guangyi
56,,Frozen North Pole  No.23,Wang Guangyi
57,,Frozen North Pole  No.25,Wang Guangyi
58,,Frozen North Pole: Philosophical Breakfast ,Wang Guangyi
59,,Post Classical: Era of Faith Medieval,Wang Guangyi
60,,Post Classical:The Return of Tragic Love,Wang Guangyi
61,,Post Classical: Cross Came Down,Wang Guangyi
62,,Black Rationality: Purgatory Analysis ,Wang Guangyi
63,,Post Classical: Holy Communion,Wang Guangyi
64,,Work No.3,Shu Qun
65,,Absolute Principle No.4,Shu Qun
66,,Absolute Principle ,Shu Qun
67,,Endless Road No.6,Shu Qun
68,,Legend of Sirius No.1,Ren Jian
69,,Legend of Sirius No.2,Ren Jian
70,,Legend of Sirius No.3,Ren Jian
71,,Legend of Sirius No.4,Ren Jian
72,,Legend of Sirius No.5,Ren Jian
73,,Legend of Sirius No.6,Ren Jian
74,,Legend of Sirius No.7,Ren Jian
75,,Legend of Sirius No.8,Ren Jian
76,,"Haven, Earth, and Hell No.1",Ren Jian
77,,"Haven, Earth, and Hell No.2",Ren Jian
78,,"Haven, Earth, and Hell No.3",Ren Jian
79,,"Haven, Earth, and Hell No.4",Ren Jian
80,,"Haven, Earth, and Hell No.5",Ren Jian
81,,Structure of Rouault No.1,Lin Wei
82,,Structure of Rouault No.2,Lin Wei
83,,Structure of Rouault No.3,Lin Wei
84,,Structure of Rouault No.4,Lin Wei
85,,Structure of Rouault No.5,Lin Wei
86,,Structure of Rouault No.6,Lin Wei
87,,Structure of Rouault No.7,Lin Wei
88,,Structure of Rouault No.8,Lin Wei
89,,Structure of Rouault No.9,Lin Wei
90,,Structure of Rouault No.10,Lin Wei
91,,Landscape,Wang Yalin
92,,Self-portrait from 2 Angles,Wang Haiyan
93,,,
94,,,
95,,,
96,,,
97,,,
98,Large Modern Art Exhibition,,
99,,,
100,,,
101,,,
102,,,
103,,,
104,,,
105,,"Repeatation, Cutted Apple",Wu Xiaoyun
106,,Seeing Sky through Yellow Hands,Wu Xiaoyun
107,,The hand together with the shadow Is Seeking Suviving,Ren Rong
108,,Corrosive Laugh,Xu Weide
109,,The River Dried--There Is Water On the Other Side Of the Mountain,Zhou Guangfu 
110,,Southern Moleyate,Xu Yihui
111,,Final Persue=Vain,Jiang Zhusong
112,,,
113,,,
114,,,
115,,,
116,,,
117,,Mountain 2,Shen Qin
118,,No title,Guan Ce
119,,The Call of Metallic,Ding Fang
120,,Exchange Scene 2,Chai Xiaogang
121,,Eclipse,Cao Xiaodong
122,,Red Fruit,Yang Zhiling
123,,Reduction of Reality:Fission,Xu Lei
124,,Dinner(2),Xu Yihui
125,,Watcher,Xu Lei
126,,People of Misjudgement,Xu Lei
127,,,"Yang Zhiling, Chen Dali,Shen Xingong, Ding Fang, Guan Ce, Liu Ming, Cao Xiaodong, Yu Qiping? Chai Xiaogang, Su Xianting? Fang Jun, Liu Wei"
128,,Portrait 1,Xu Lei
129,,Portrait 2,Xu Lei
130,,Portrait 3,Xu Lei
131,,City Series 2,Ding Fang
132,,City Series 3,Ding Fang
133,,City Series 4,Ding Fang
134,,The Sword's Will 1,Ding Fang
135,,The Sword's Will 2,Ding Fang
136,,The Sword's Will 3,Ding Fang
137,,Self-sublimation,Ding Fang
138,,Will and Sacrifice,Ding Fang
139,,Call and Birth,Ding Fang
140,,The Power of Tragedy,Ding Fang
141,,The Soul on Plateau,Ding Fang
142,,Facing Top of Taihang Eighteen Hairpin Bends,Ding Fang
143,,Portrait of people,Ding Fang
144,,Landscape 1,Ding Fang
145,,Landscape 2,Ding Fang
146,,Landscape,Ding Fang
147,,Monster at Night 1,Yang Zhilin
148,,Monster at Night 2,Yang Zhilin
149,,The Other Side,Yang Zhilin
150,,Constellation,Yang Zhilin
151,,Words of Silk 1,Shen Qin
152,,Words of Silk 2,Shen Qin
153,,Mountain 4,Shen Qin
154,,Mountain 5,Shen Qin
155,,Floating Stone 1,Chai Xiaogang
156,,Floating Stone 2,Chai Xiaogang
157,,City of the Dead,Chai Xiaogang
158,,Moment of Hallucination,Chai Xiaogang
159,,Fish in Air,Chai Xiaogang
160,,Not a Strange Promise,Chai Xiaogang
161,,Scream--Yearning and Today's Calling,Chai Xiaogang
162,,No Title,Guan Ce
163,,Shadow on Paper,Guan Ce
164,,Indoor Landscape,Guan Ce
165,,Thus the Thing was finished 3,Cao Xiaodong
166,,Thus the Thing was finished 4,Cao Xiaodong
167,,Thus the Thing was finished 5,Cao Xiaodong
168,,Thus the Thing was finished 6,Cao Xiaodong
169,,Way,Xu Yihui
170,,Sea,Xu Yihui
171,,Dinner 1,Xu Yihui
172,,Black Oblivion,Li Xiaobai
173,,Soul Under the Moonlight,Wu Guangrong
174,,Autumn,Hong Lei
175,,Dog and Sky,Wu Weishan
176,,Wind on Plain,Wu Xiaojun
177,,Work 1,Song Ansu
178,,Dialoge,Xin Shenhua
179,,Work 2,Song Ansu
180,,Work 1,Yu Shaoping
181,,Work 2,Yu Shaoping
182,,Work 3,Yu Shaoping
183,,Work 1,Yu Bang
184,,Work 2,Yu Bang
185,,Return,Liu Guofu
186,,Changing Eternity,Lv Tao
187,,Swimmers in Summer,Zhang Peili
188,,Pause,Zhang Peili
189,,Swimmers ,Zhang Peili
190,,Abstract 223,Zhang Peili
191,,Abstract 230,Zhang Peili
192,,Abstract 334,Geng Jianli
193,,Haircut 4--Fashinable Style in Summer in 1985,Song Lin
194,,White Pipe,Song Lin
195,,People Pipe 2,Song Lin
196,,Silent Dialogue,Song Lin
197,,No Title,Bao Jianfei
198,,New Space No.1,Bao Jianfei
199,,New Space No.2,Bao Jianfei
200,,New Space No.3,Wang Qiang
201,,Amateur Painter,Wang Qiang
202,,Walking Man,Cha Li
203,,Painting No.1,Cha Li
204,,Painting No.2,Xu Jin
205,,Dialogue,Xu Jin
206,,Introspection,Cao Xuelei
207,,Decline to Perspective,Wang Guojun
208,,No Title No.7,Wang Guojun
209,,No Title No.12,Zhang Peili
210,,"About ""x?""",Zhang Peili
211,,"About ""x?""",Zhang Peili
212,,Brown Book No.1,Zhang Peili
213,,Brown Book No.1,Zhang Peili
214,,Brown Book No.1,
215,,,Feng Lianghong 
216,,,Xiao Gu
217,,,Gong Jianqing
218,,,Gong Jianqing
219,,Copy of Iron Scrap ,Gong Jianqing
220,,Halley,Gong Jianqing
221,,Another Judgement,Wang Xiaojun
222,,Reverie,Wang Xiaojun
223,,Breeze,Wang Xiaojun
224,,tear the sky,Wang Xiaojun
225,,,Yang Hui
226,,,Yang Hui
227,,,Yang Hui
228,,,Zhou Shilong
229,,,Zhou Shilong
230,,,Zhou Shilong
231,,,
232,,,
233,,,
234,,,
235,,,
236,,,
237,,,
238,,,
239,,,
240,,,
241,,,
242,,,
243,,,
244,,,
245,,,
246,,Mask No.2,Yu Sen
247,,With Portrait...,Zhang Jieming
248,,With Portrait...,Zhang Jieming
249,,No.2  ,Zhang Jieming
250,,Forest Series,Wang Lianling
251,,Primitive,Li Shan
252,,No Title,Li Shan
253,,Encounter,Li Shan
254,,Circle Series,Yu Youhan
255,,Recall the West,Zhao Yifu
256,,Impression of Fastfood Restaurant,Hong Jijie
257,,Portrait,Chen Zhen
258,,No Title,Chen Zhen
259,,Qi,Chen Zhen
260,,Qi,Chen Zhen
261,,Cat's World,Fang Zhuang
262,,Revelation-Horse and Sun Series,Ye Mu
263,,Revelation,Ye Mu
264,,Chair and People,Shen Fan
265,,Breeding,Zhou Changjiang
266,,"Yin and Yang, Day and Night Being Equally separated",Mo Tuo
267,,Owl,Wang Hui
268,,,Zhou Peide
269,,No Title,Song Haidong
270,,Creating Object,Xiao Xiaolan
271,,Between 0 to 1,Lei Min
272,,No Title,Xu Hong
273,,No Title,Sun Liang
274,,Flouting Wing,Sun Liang
275,,Strange Landscape,Yu Jiangang
276,,"Red Black White,Chinese Cabbage",Wu ShanZhuan
277,,"Red Black White,Money",Wu ShanZhuan
278,,Red Black White 4,Wu ShanZhuan
279,,Red Black White 6,Wu ShanZhuan etc.
280,,Red Black White 8,Wu ShanZhuan etc.
281,,Red Black White 11,Wu ShanZhuan etc.
282,,Red Black White 13,Wu ShanZhuan etc.
283,,Red Black White 18,Wu ShanZhuan etc.
284,,Red Black White 20,Wu ShanZhuan etc.
285,,Red Black White 25,Wu ShanZhuan etc.
286,,Red Black White 26,Wu ShanZhuan etc.
287,,Red Black White 27,Wu ShanZhuan etc.
288,,Red Black White 28,Wu ShanZhuan etc.
289,,Red Black White 30,Wu ShanZhuan etc.
290,,Red Black White 31,Wu ShanZhuan etc.
291,,Red Black White 32,Wu ShanZhuan etc.
292,,Red Black White 33,Wu ShanZhuan etc.
293,,Red Black White 34,Wu ShanZhuan etc.
294,,Red Black White 36,Wu ShanZhuan etc.
295,,Red Black White 38,Wu ShanZhuan etc.
296,,Red Black White 42,Wu ShanZhuan etc.
297,,Deficit Today no Water,Wu ShanZhuan
298,,Deficit,Wu ShanZhuan
299,,Deficit,Wu ShanZhuan
300,,Abstract 1,"Wu ShanZhuan,Ni Haifeng etc."
301,,Red Seal 3,Wu ShanZhuan
302,,Red Seal 8,Wu ShanZhuan
303,,Red Seal 9,Wu ShanZhuan
304,,Red Seal 10,Wu ShanZhuan
305,,Red Seal 14,Wu ShanZhuan
306,,Red Seal 20,Wu ShanZhuan
307,,Red Seal 25,Wu ShanZhuan
308,,Red Seal 28,Wu ShanZhuan
309,,Red Seal 30 ,Wu ShanZhuan
310,,Red Seal 29,Wu ShanZhuan
311,,Night,Gu Wenda
312,,White Nights,Gu Wenda
313,,Birth,Gu Wenda
314,,Moon,Gu Wenda
315,,The Moon Is Sleeping on Earth,Gu Wenda
316,,,Gu Wenda
317,,Birth,Gu Wenda
318,,Three Sphinx's Avatar,Gu Wenda
319,,Moon,Gu Wenda
320,,Religion and Science,Gu Wenda
321,,Body,Gu Wenda
322,,Taiji,Gu Wenda
323,,zoo,Gu Wenda
324,,History of Civilization,Gu Wenda
325,,Silence,Gu Wenda
326,,Landscape,Gu Wenda
327,,Dun Huang,Gu Wenda
328,,shipin,Gu Wenda
329,,Structure of Caligraphy and Seal,Gu Wenda
330,,Sky and Ocean,Gu Wenda
331,,Potrait as body,Gu Wenda
332,,Object,Gu Wenda
333,,Tai Ji,Gu Wenda
334,,Martyrdom,Gu Wenda
335,,No Title,Gu Wenda
336,,Dangerous Chessboard  Leaves The Earth,Gu Wenda
337,,Work 1,Wu Shaoxiang
338,,Work 2,Wu Shaoxiang
339,,Work 3,Wu Shaoxiang
340,,Big Wheel 1,Xu Bing
341,,Big Wheel 2,Xu Bing
342,,,
343,,,
344,,,
345,,,
346,,,
347,,,
348,,,
349,,,
350,,,
351,,,
352,,,
353,,,
354,,,
355,,,
356,,,
357,,,
358,,,
359,,,
360,,,Wang Baichang
361,,,
362,,,
363,,,
364,,,
365,,,
366,,,
367,,,
368,,Wisdom and Power,Liu Xiangdong
369,,Philosophy Script,Liu Xiangdong
370,,New Culture No.5,Liu Xiangdong
371,,No Title 1,Cai Guoqiang
372,,No Title 2,Cai Guoqiang
373,,Self Portrait,
374,,No Title 1,Huang Yongping
375,,No Title 2,Huang Yongping
376,,No Title 3,Huang Yongping
377,,,
378,,,
379,,,
380,,,
381,,,
382,,,
383,,,
384,,,
385,,,
386,,,
387,,,
388,,,
389,,,
390,,,
391,,,
392,,,
393,,,
394,,,
395,,,
396,,,
397,,Red ,Mao Xuhui
398,,,Mao Xuhui
399,,,Mao Xuhui
400,,,Mao Xuhui
401,,,Mao Xuhui
402,,,Mao Xuhui
403,,,Mao Xuhui
404,,,Mao Xuhui
405,,,Mao Xuhui
406,,,Mao Xuhui
407,,,Mao Xuhui
408,,,Mao Xuhui
409,,,Mao Xuhui
410,,,Mao Xuhui
411,,,Mao Xuhui
412,,,Mao Xuhui
413,,,Mao Xuhui
414,,,Zhang Xiaogang
415,,,Zhang Xiaogang
416,,,Zhang Xiaogang
417,,,Zhang Xiaogang
418,,,Zhang Xiaogang
419,,,Zhang Xiaogang
420,,,Zhang Xiaogang
421,,,Zhang Xiaogang
422,,,Ye Yongqing
423,,,Ye Yongqing
424,,,Ye Yongqing
425,,,Ye Yongqing
426,,,Ye Yongqing
427,,,Ye Yongqing
428,,,Pan Dehai
429,,,Pan Dehai
430,,,Pan Dehai
431,,,Pan Dehai
432,,,Pan Dehai
433,,,Pu Liya
434,,,Ding Defu
435,,,Ding Defu
436,,,Ding Defu
437,,,Ding Defu
438,,,Ding Defu
439,,,Sun Guojuan
440,,,Sun Guojuan
441,,,Hou Wenyi
442,,,Hou Wenyi
443,,,Hou Wenyi
444,,,Hou Wenyi
445,,,Hou Wenyi
446,,,Hou Wenyi
447,,,Zhai Wei
448,,,Zhai Wei
449,,,Yang Huangli
450,,,Zhang Long
451,,,Zhang Xiaping
452,,,Sun Shifan
453,,,Liu Quan
454,,,Cao li
455,,,Xia Xiaowan
456,,,Liang Yuan
457,,,Chen Qiang
458,,,
459,,,Li Baoying
460,,,Liu Changshun
461,,,Zhang Song
462,,,Zhu Haikun
463,,,Lin Chunyan
464,,,Zhang Yibo
465,,,Meng Luding
466,,,Chen Dan
467,,,Guan Wei
468,,,Zhao Hui
469,,,Chen Wenqi
470,,,Zhang Qun
471,,,Wang Youshen
472,,,Wu Shaoxiang
473,,,Jia Bo
474,,,Sun Jianping
475,,,Li Jin
476,,,Li Jin
477,,,Li Jin
478,,,Yan Binghui
479,,,Yan Binghui
480,,,Yan Binghui
481,,,Yan Binghui
482,,,Yan Binghui
483,,the last radiance of the setting sun,Lv Peihuan
484,,,Lv Peihuan
485,,,
486,,,
487,,,
488,,,
489,,,Fan Bo
490,,,Fan Bo
491,,,Fu Zenan
492,,,Fu Zenan
493,,,Fu Zenan
494,,,Fu Zenan
495,,,Fu Zenan
496,,,Fu Zewu
497,,,Fu Zewu
498,,,Le Xiaoshi
499,,,Ma Baokang
500,,,Ma Xiaoxing
501,,,Ma Xiaoxing
502,,,Ma Xiaoxing
503,,,Pi Zhiwei
504,,,Shao Pusheng
505,,,Shao Pusheng
506,,,Shao Pusheng
507,,,Shao Pusheng
508,,,Shao Xianlan
509,,,Shao Xianlan
510,,,Shi Xiaojun
511,,,Tang Tao
512,,,Wang Aiqin
513,,,Wang Aiqin
514,,,Wang Aiqin
515,,,Wang Dun
516,,,Xia Funing
517,,,Yang Wenqun
518,,,Zhu Shaoqiang
519,,,Zhu Shaoqiang
520,,,Zhu Shaoqiang
521,"""The Xuzhou Modern Art Exhibition"",1986",,
522,"""The Xuzhou Modern Art Exhibition"",1986",,
523,"""The Xuzhou Modern Art Exhibition"",1986",,
524,"""The Xuzhou Modern Art Exhibition"",1986",,
525,"""The Xuzhou Modern Art Exhibition"",1986",,
526,"""The Xuzhou Modern Art Exhibition"",1986",,
527,,,Wu Pingren
528,,,Wu Pingren
529,,,Qu Yan
530,,,Qu Yan
531,,,Qu Yan
532,,,Qu Yan
533,,,Qu Yan
534,,,Li Yafei
535,,,Li Yafei
536,,,Li Yafei
537,,,Wang Lu
538,,,Wang Lu
539,,,Wang Lu
540,,,Wang Lu
541,,,Wang Lu
542,,,Wang Lu
543,,,Weng Jianqing
544,,,Weng Jianqing
545,,,Yuan Xianming
546,,,Yuan Xianming
547,,,Shi Dihua
548,,,Shi Dihua
549,,,Shi Dihua
550,,,Gao Tianming
551,,,Gao Tianming
552,,,Gao Tianming
553,,,Gao Tianming
554,,,Wang Chuan
555,,,Wang Chuan
556,,,Wang Chuan
557,,,Wang Chuan
558,,,Wang Chuan
559,,,Wang Chuan
560,,,Wang Chuan
561,,,Wang Chuan
562,,,Wu Shixiong
563,,,Ying Weiping
564,,,Ying Weiping
565,,,Li Jian
566,,,Li Jian
567,,,Li Jian
568,,,Wei Xilin
569,,,Xie Yuxi
570,,,Xie Yuxi
571,,,Xu Jing
572,,,Ye Ling
573,,,Li Yunying
574,,,
575,,,Cao Yong
576,,,Cao Yong
577,,,Cao Yong
578,,,Cao Yong
579,,,Cao Yong
580,,,Cao Yong
581,,,Yang Shufeng
582,,,Yang Shufeng
583,,,Yang Shufeng
584,,,Yang Shufeng
585,,,Yang Shufeng
586,,,Yang Shufeng
587,,,Yang Shufeng
588,,,Yang Shufeng
589,,,Liu Zheng
590,,,Huang Yulan
591,,,Huang Yulan
592,,,Fu Qiang
593,,,Fu Qiang
594,,,Shi Dan
595,,,Hu Shaquan
596,,,Wen Dusu
597,,,Zhou Yu
598,,,
599,,,Chen Yuzhu
600,,,Chen Yuzhu
601,,,Chen Yuzhu
602,,,Chen Yuzhu
603,,,Li Yanping
604,,,Li Yanping
605,,,Li Yanping
606,,,Li Yanping
607,,,Li Yanping
608,,,Li Yanping
609,,,Li Yanping
610,,,Li Zhibao
611,,,Li Zhibao
612,,,Qi Yong
613,,,Qi Yong
614,,,Yu Xiaodong
615,,,Yu Xiaodong
616,,,Zhai Yaofei
617,,,Zhai Yaofei
618,,,Zhai Yaofei
619,,,Wang Linfa
620,,,Dai Guangyu
621,,,Huangpu Qiren
622,,,Jian Chongmin
623,,,Li Jixiang
624,,,Luo Lunjian
625,,,Xu Dachen
626,,,
627,,,
628,,,Duan Xiu Cang
629,,,Duan Xiu Cang
630,,,Duan Xiu Cang
631,,,Wang Huanqing
632,,,Wang Huanqing
633,,,Wang Huanqing
634,,,Wang Huanqing
635,,,Qiao Xiaoguang
636,,,Qiao Xiaoguang
637,,,Qiao Xiaoguang
638,,,Qiao Xiaoguang
639,,,
640,,,
641,,,
642,,,
643,,,
644,,,
645,,,
646,,,
647,,,
648,,,
649,,,Zhu Yanguang
650,,,Zhu Yanguang
651,,,Zhu Yanguang
652,,,Ren Xiaoyin
653,,,Ren Xiaoyin
654,,,Ren Xiaoyin
655,,,Chen Yufei
656,,,Fu Qiang
657,,,Huang Weidong
658,,,Liu Yifu
659,,,Lu Jinbo
660,,,Shi Xiangqiang
661,,,Wang Jianhua
662,,,Wang Jin
663,,,Wang Shouming
664,,,Wang Shouming
665,,,Xie Haitao
666,,,Xie Haitao
667,,,Yang Guoxin
668,,,Zhang Quan
669,,,Zhu Mo
670,,,Zhuang Wei
671,,,He Yonghong
672,,,Li Ling
673,,,Li Xiangqun
674,,,Liu Qingmin
675,,,Shi Xiao
676,,,Song Xiaomin
677,,,Wan Guohua
678,,,Tong Jianyin
679,,,Tong Jianyin
680,,,Tong Jianyin
681,,,Zhao Shuli
682,,,Luo Mingjun
683,,,Jiang Shangwen
684,,,Huang Bing
685,,,Huang Bing
686,,,Liu Yun
687,,,Liu Xiangdong
688,,,Yuan Xiaoyan
689,,,Ma Jianxin
690,,,Ma Jianxin
691,,,Ma Jianxin
692,,,Shu Lei
693,,,Yuan Qingyi
694,,,Li Luming
695,,,Li Luming
696,,,Tan Liqin
697,,,Tan Liqin
698,,,
699,,,Huang Yali
700,,,Huang Yali
701,,,Huang Yali
702,,,Huang Yali
703,,,Fu Zhongwang
704,,,Liu Zijian
705,,,Wu Guoquan
706,,,Wu Guoquan
707,,,Wu Guoquan
708,,,Wu Guoquan
709,,,Wu Guoquan
710,,,
711,,,
712,,,
713,,,
714,,,
715,,,
716,,,
717,,,Wei Guangqing
718,,,Wei Guangqing
719,,,Cao Dan
720,,,Cao Dan
721,,,Mao Chunyi
722,,,Tian Hui
723,,,Tian Hui
724,,,Li Yaobang
725,,,Li Yaobang
726,,,Fang Shaohua
727,,,Guo Zhengshan
728,,,Guo Zhengshan
729,,,Xie Yao
730,,,Fan Hancheng
731,,,Dong Jining
732,,,
733,,,Sun Shaoqun
734,,,Gao Minfeng
735,,,Gao Minfeng
736,,,Xiao Feng
737,,,Xiao Feng
738,,,Wang Xianglin
739,,,
740,,,Hu Chaoyang 
741,,,Lin Wei
742,,,Qiu Xiu
743,,,Ye Jun
744,,,Huang Bangxiong
745,,,
746,,,
747,,,Ji Houming
748,,,Chen Lvshou
749,,,Luo Yin
750,,,Luo Yin
751,,,
752,,,
753,,,
754,,,
755,,,
756,,,
757,,,Huang Yongping
758,,,Huang Yongping
759,,,Huang Yongping
760,,,Huang Yongping
761,,,
762,,,Huang Yongping
763,,,
764,,,
765,,,
766,,,
767,,,
768,,,
769,,,
770,,,
771,,,
772,,,
773,,,Huang Yongping
774,,,Huang Yongping
775,,,Huang Yongping
776,,,Huang Yongping
777,,,Huang Yongping
778,,,Huang Yongping
779,,,Lin Chun
780,,,Lin Chun
781,,,Lin Chun
782,,,Jiao Yaoming
783,,,
784,,,Sun Baoguo
785,,,Sun Baoguo
786,,,Sun Baoguo
787,,,Sun Baoguo
788,,,Sun Baoguo
789,,,Sun Baoguo
790,,,Wang Yibo
791,,,Zhang Suojia
792,,,Zhang Suojia
793,,,Zhao Haibo
794,,,Zhu Wei
795,,,Zhu Wei
796,,,Zhu Wei
797,,,
798,,,
799,,,
800,,,
801,,,
802,,,
803,,,
804,,,
805,,,
806,,,
807,,"No Title, No.1",Song Yongping
808,,"No Title, No.2",Song Yongping
809,,"No Title, No.3",Song Yongping
810,,"No Title, No.1",Wang Yazhong
811,,"No Title, No.2",Wang Yazhong
812,,No Title,Zhang Jianzhong
813,,Northern Su,Qu Yan
814,,Station,Qu Yan
815,,"No Title, No.1",Qu Yan
816,,"No Title, No.2",Qu Yan
817,,"No Title, No.1",Wang Jiping
818,,"No Title, No.2",Wang Jiping
819,,"No Title, No.3",Wang Jiping
820,,"No Title, No.4",Wang Jiping
821,,"No Title, No.5",Wang Jiping
822,,,"Song Yongping,Song Yonghong"
823,,,"Song Yongping,Song Yonghong"
824,,,"Song Yongping,Song Yonghong"
825,,,"Song Yongping,Song Yonghong"
826,,,"Song Yongping,Song Yonghong"
827,,,"Song Yongping,Song Yonghong"
828,,,"Song Yongping,Song Yonghong"
829,,,"Song Yongping,Song Yonghong"
830,,,"Song Yongping,Song Yonghong"
831,,,
832,,,
833,,,
834,,,
835,,,
836,,,
837,,,
838,,,
839,,,
840,,,
841,,,
842,,,
843,,,
844,,,
845,,,
846,,,
847,,,
848,,,
849,,,
850,,,
851,,,
852,,,
853,,,
854,,,
855,,,
856,,,
857,,,
858,,,
859,,,
860,,,
861,,,
862,,,
863,,,
864,,,
865,,,
866,,,
867,,,
868,,,
869,,,
870,,,
871,,,
872,,,
873,,,
874,,,
875,,,
876,,,
877,,,
878,,,
879,,,
880,,,
881,,,
882,,,
883,,,
884,,,
885,,,
886,,,
887,,,
888,,,
889,,,
890,,,
891,,,
892,,,
893,,,
894,,,
895,,,
